"17-AAG","AEW541","AZD0530","AZD6244","Erlotinib","Irinotecan","L-685458","LBW242","Lapatinib","Nilotinib","Nutlin-3","PD-0325901","PD-0332991","PF2341066","PHA-665752","PLX4720","Paclitaxel","Panobinostat","RAF265","Sorafenib","TAE684","TKI258","Topotecan","ZD-6474"
3.0622,1.6723,0.6198,2.8096,0.245,4.389,0.08479,0.4906,0.5246,0.1278,0.7904,2.8355,0.6272,0.8545,0.9168,0.9326,5.7297,5.0999,0.8884,0.8047,1.3712,0.8447,3.8462,0.4765
5.0587,1.1852,1.9068,1.3092,0.8748,NA,1.1448,1.3794,0.6577,NA,0.8625,1.294,NA,0.9563,1.0796,1.4854,5.9528,4.3045,NA,1.1898,1.7799,1.8371,5.2619,2.8994
3.535,0.9948,0.8491,0.5872,1.92,3.3621,0.1657,0.2789,1.089,0.5269,0,0.9413,0,0.1933,0,0.5155,7.0226,3.6088,1.6212,0.7932,1.1746,0.6844,3.4983,0.8562
3.782,1.5436,1.2147,1.1495,0.2919,4.5677,0.3791,0.0185,0.1402,0.5869,0.2235,2.221,0.7454,0.9721,0.3701,0.07659,5.5687,4.0279,1.2339,0.4203,1.3417,1.3518,4.4574,1.7839
3.6605,1.7665,1.8525,2.5412,1.6441,5.5188,3.6396,1.4433,1.5649,2.1147,2.772,2.5862,2.4569,2.0731,1.8775,1.5218,7.7957,5.983,3.4219,1.8187,3.2246,2.6279,5.3689,2.0536
2.9596,1.4376,2.1677,0.6281,1.8863,1.8827,0.06305,0.642,1.5596,0.7575,0.7115,1.9489,0.9353,0.2945,0.669,0.338,4.0875,3.5201,2.1399,0.1058,0.7222,0.9248,3.1708,1.2662
3.3045,0.5954,0.4241,0.3118,0.08267,3.0887,0,0.005701,1.0403,0.5356,0.04249,1.0241,0,0.5546,0.361,NA,3.5178,3.109,1.4951,0.552,0.5023,0.847,3.3734,NA
3.522,1.2929,1.1074,2.4031,0.4567,2.8908,0.5398,1.1528,0.5409,0.9183,0.952,3.4454,1.4771,0.9068,0.6963,2.0835,5.3468,4.7205,2.2858,0.6724,1.5978,0.8724,4.0707,1.4867
3.6759,0.3189,0.05208,1.5453,0.07583,3.8186,0.408,0.06463,0.2543,0.6024,0.01872,2.7382,0.08833,0.2865,0,0.403,5.4703,4.2886,1.9139,0.4669,0.6554,0.661,3.8954,0.2085
3.5825,1.5025,1.186,0.1191,0.5181,NA,0.118,4.983,0.7194,NA,0.8426,0.5292,NA,0.5288,2.5567,0.2288,6.9527,3.9825,NA,0.1737,1.5204,1.6828,3.6427,1.6647
2.4662,0.3615,0.2508,0.2375,0.08293,2.5153,0.03331,0.09733,0,0,0.2102,0.5436,0,0.4959,0.08666,0.01494,4.6157,4.0075,1.3704,0.2818,1.4006,1.1598,2.649,1.0122
3.5747,0.5525,0.714,0.117,0.3697,2.8739,0.293,0.3017,0.3485,1.727,0.364,0.5889,0.8348,0.5515,0.6474,0.05216,4.3533,3.6206,2.2706,2.0935,1.2913,2.2652,2.586,0.968
4.747,1.0006,0.793,1.8154,0,3.5949,0.06193,1.1989,0.1202,0.02046,0.1101,2.4465,0,0.5221,0.2003,0.7129,7.1679,4.3673,0.9206,0.05127,0.8825,0.858,3.1484,1.3466
3.7077,0.6375,1.3531,1.548,0.8588,NA,0.1745,0.6914,0.8241,0.2846,0.6099,1.3819,0.009649,0.3606,0.2471,0.1243,5.6539,4.4124,1.4631,0.4373,0.7365,0.4621,4.6056,1.2858
4.7559,0.6674,0.3709,2.5348,0.2241,4.4446,0.7732,0.3406,0.6209,0.4157,0.9955,3.6018,0.6759,1.3639,0.03508,0.3847,6.5225,4.5095,2.0551,0.9908,1.9146,1.8416,4.6525,1.3352
3.5625,1.4484,0.9057,3.2996,0.2889,3.9345,0.02134,0.09724,0.1527,0.521,0.4491,4.8148,0.1961,0.7175,0.4121,2.9645,6.0932,4.6373,2.2543,0.6118,1.8735,1.0899,3.2038,0.8069
2.9712,1.6406,0.4962,1.8637,0.4884,1.7063,0,0.2759,0.6707,0.6661,0.4832,3.1106,0.2405,0.4691,0.08954,0,4.9753,3.6981,1.4266,0.6549,1.3264,1.2616,1.8717,0.4353
3.6758,1.599,0.9435,1.3769,0.1029,NA,0.2549,1.0647,0.005817,NA,0.5932,0.6163,0.2491,1.6086,0.1048,0.7895,7.0239,4.71,1.9556,0.3025,1.734,0.7322,5.4861,1.4081
2.0636,0.6207,1.2189,0.6881,1.2474,NA,0,0.4928,0.8437,NA,0.4761,1.2671,NA,0.4836,0.1702,0.3817,3.9915,4.5464,2.388,0.6473,0.9626,0.95,3.7264,1.8791
3.2142,1.8822,4.0457,1.2336,1.0818,5.8889,2.1997,1.1325,1.1767,7.0051,1.5865,1.7295,0.7632,3.0952,1.7146,1.0265,6.7188,6.3121,2.4329,2.1035,2.8218,2.0343,6.526,3.0741
5.2887,2.8999,0.3323,1.6147,1.0362,3.7332,1.279,0.5586,1.233,1.5625,1.1689,2.9921,0.6168,1.3265,1.0553,0.4187,6.5985,5.9291,1.805,0.9786,3.1165,1.5766,4.6146,1.295
4.0092,0.3505,0.4755,0.6207,0.3018,NA,0.09343,0.7078,0,0.1972,0.8132,0.7369,0.6144,0.02807,0.5684,0.3717,5.5767,3.5863,1.095,0.1933,0.2236,1.06,1.4581,1.8901
3.4197,1.3966,0.6383,2.1312,0.2484,2.2418,0.1851,0.4818,0.411,0.2155,0.02477,2.611,0,0.6001,0.2758,0.2848,4.0922,4.1905,1.5547,0.4228,1.4991,0.5118,1.5994,1.1518
4.2668,0.7651,0.2328,0.09979,0.491,NA,0.8391,0.7937,3.5677,0.873,0.1964,0.04551,0.9007,0.7979,0.3374,0.6038,6.6977,5.0888,1.5268,0.6273,0.1526,0.7107,3.8426,1.1876
3.4746,1.3166,1.54,2.518,0.3177,3.9819,0.4889,1.0364,0.3482,0.7336,0.7133,2.855,0.3853,0.6353,0.8851,1.2235,6.704,4.3878,2.1509,1.5503,1.6747,0.9213,3.6587,0.698
3.8043,0.3316,1.9092,1.4573,0,NA,0,0.2428,0,0,0.1665,2.3201,0.8172,0,0.03856,0.2138,6.3787,3.844,0.6449,0.2804,0.175,0.6067,3.7961,2.0069
3.6219,0.898,0.2464,0.3552,0.04175,NA,0.1492,0.4923,0.1757,0.00241,0.01861,0.8653,0.2396,0.4398,0.1644,0.1107,5.1868,4.0883,0.6164,NA,0.6489,1.2289,3.1375,0.8398
2.9811,0.3433,0.05539,0.05747,0.01175,4.7396,0,0.07161,0.6501,0,0.001908,0,0.2911,0.8768,0,0.005313,7.1153,4.6797,0.8231,0,0.4967,1.0673,4.1211,0.468
3.5976,0.8428,2.0535,0.113,0.3595,4.8923,0.02918,0.3218,0.3646,0.1648,0.1399,0.06714,1.1151,0.9159,0.4072,0.6149,6.5657,5.8478,1.2478,0.1112,0.6416,1.7212,4.5194,1.9715
1.0525,0.5273,1.181,0.01832,1.3084,2.4196,0.2981,0.4948,0.6681,0.3956,0.2088,0.4673,0.1474,0.5166,0.4686,0,4.959,4.53,0.9371,0.4714,0.7985,0.1317,2.1888,0.8072
3.7846,0.7015,0.8074,0.1287,0.3156,NA,0.7397,0.1639,3.3811,0.5231,0.2468,0.5865,1.0329,0.2296,0.4139,0.1735,3.3674,5.1333,0.6517,0.8083,0.3988,0.3351,0.1767,0.5179
4.799,1.0007,0.8363,0.2601,0.2467,3.4086,0.1532,1.6262,1.0001,0.641,0.2901,0.1503,0,0.533,0.1106,0.4886,5.817,3.7698,2.1067,0.5889,0.7964,1.0845,4.1961,0.9727
3.4843,0.7268,1.5541,1.9699,0.7307,NA,0.3731,2.374,1.2981,NA,0.8451,2.8579,NA,0.5536,0.8834,0.8857,5.4667,3.9718,NA,0.3544,1.6433,1.1114,2.8842,1.2382
2.2767,1.3449,2.0615,1.6091,1.128,NA,0.00776,0.5307,1.4312,0.7346,0.4036,2.6013,0.7911,0.7279,0,0.4087,3.4819,4.6721,1.1062,0.2239,1.4705,0.527,1.3702,1.9499
6.5863,0.8161,0,1.8523,0.286,2.0384,0.04038,0.4908,0,0.1393,0,3.2117,0.07469,0.261,0.1914,1.2483,3.1892,2.4495,1.1826,0.3158,0.6679,0.3908,2.2885,0.4507
1.6136,1.1466,1.4118,1.2769,1.0932,0.5537,0.1271,0.3552,0.7662,0.03836,0.1525,1.8386,0.1423,0,0,0.4033,4.8113,3.6886,1.5667,0.4486,0.729,0.9492,1.1215,1.2657
3.5,2.0875,1.8817,1.2348,1.7747,NA,NA,1.1054,1.4973,NA,0.6988,2.2204,NA,1.1889,1.5377,0.5977,4.9761,4.1571,NA,0.6577,2.8724,1.5021,1.9431,2.5282
4.0906,0.9409,1.5346,2.3452,2.316,NA,0,0.3061,1.8794,NA,0,2.6201,0,0.5558,0.7764,0,7.1184,4.4571,1.0867,0.3294,0.5994,0.5781,3.8619,3.4375
4.3291,1.2703,0.6972,0.149,0.6947,2.9043,0.7571,0.7028,0.4327,0.5266,0.0222,0.1878,0.1654,0.8664,0.3361,0.359,5.5828,4.6055,1.7244,0.301,1.4006,1.7102,3.1338,0.305
3.6877,1.3703,1.7728,1.7048,2.0234,2.8611,0.09294,1.9431,1.9052,0.07419,0.1528,2.3533,0.2048,0.2923,0.04997,0.2709,5.3918,4.751,2.3477,0.04859,0.9655,0.322,2.4477,1.7151
3.3698,0.1548,0.2008,1.6146,0.04256,1.8093,0.01624,0.06953,0.3518,0.1917,0.3751,2.1985,0.04588,0.08662,0.195,0,4.1905,3.5222,1.5971,0.05791,0.8478,0.6033,1.9735,0.3933
2.0534,0.561,2.3703,2.3689,1.1767,NA,0.4371,0.5201,2.6066,0.4743,0.4135,1.8058,0.3678,0.4668,0.1975,0.003985,3.2082,4.5124,0.8645,0.5152,1.1636,0.4078,3.0826,1.8192
3.0328,1.511,1.5736,1.5986,0.4963,NA,NA,1.0712,0.1923,NA,0.106,3.2483,NA,0.7092,0.4372,1.0378,6.5055,4.0829,NA,0.8441,2.1373,0.79,3.0781,0.7187
3.1786,0.4276,0.1606,0.06316,0.003827,3.1566,0.5617,0.7152,0.146,0.4371,0.07149,0.238,0.2178,0.1829,0.3651,0.07136,4.3906,5.0138,0.8191,0.1544,0.1146,0.494,1.0891,0.3685
3.905,1.657,1.7225,1.5237,0.399,1.5901,0,0.3136,0.6047,0.7497,0.7347,3.115,0.3713,1.1095,0.1632,0.3741,3.4066,3.4812,0.8736,0,2.4551,0.2457,1.2993,1.9235
2.1995,0.6584,0.6927,0.103,0.08698,2.2248,0.01432,0.07697,0.02975,0.207,0.01784,0.586,0.1407,0.6175,0,0.06697,4.0347,3.6763,0.7917,0.06255,1.0183,0.3645,1.728,0.2382
3.4189,0.7503,1.8014,2.0146,1.8156,NA,0,0.7254,2.3087,NA,0.5473,2.5956,NA,0.3273,0.7094,0.2626,3.4061,4.7212,0.7362,0.1157,1.8427,0.6354,2.4283,2.3861
5.2114,2.0767,2.3748,5.5723,0.4165,NA,0.7484,2.0844,0.4609,NA,1.1585,5.6249,NA,1.0766,0.86,0.3921,5.9257,5.65,1.0626,0.5689,2.3225,0.6549,3.3596,1.6859
3.8812,0.6551,0.6352,0.5656,0.4621,4.4997,0.02719,0.06319,0.07477,0.2173,0.7237,0.6039,1.0214,0.8737,0.8997,0.1793,6.7624,4.9845,1.6558,0.3438,1.1676,1.0475,4.9059,2.3858
4.4923,1.3266,0.8254,4.1926,0.1882,NA,0,0.966,0.1412,0.8895,0.2836,5.7584,1.4388,0.7973,0.2519,2.6493,5.1776,5.0094,2.4944,0.8047,2.0928,0.7751,3.1666,0.3262
2.8034,2.0584,0.4243,0.02962,0.6266,2.9318,0.1274,0.1362,0.5138,0.8088,0.0876,0.01305,0.846,0.7197,0.2699,0.2642,3.9828,4.3094,2.8689,0.7374,2.7318,1.1074,2.5752,0.8505
4.2419,1.0687,0.8386,1.8733,1.1618,1.9174,0.4075,0.5952,1.1779,0.2982,0.827,3.1372,0.4865,0.4238,0.2274,0.4074,2.7143,3.3188,1.3644,0.8591,1.4769,0.6609,1.8377,1.8722
3.984,0.9348,0.1354,3.3142,0.4867,2.1461,0.3375,0.1373,0,0.5391,0.6993,4.7338,0.4765,0.4152,0.486,2.2166,4.5201,4.6206,2.4244,0.4606,0.853,0.6854,2.2206,0.311
3.2321,1.4813,0.4347,2.4876,0.9611,NA,0.8445,2.4895,0.3423,NA,0.8776,2.757,NA,0.5903,0.7811,1.3751,5.4766,3.9221,NA,0.2976,1.3744,1.2564,3.1862,0.7398
1.9816,0.4341,0.7688,1.1293,1.1257,NA,0.1163,0.2072,0.549,NA,0.3313,1.8902,NA,0.2549,0.225,0.3126,2.6619,2.7717,0.9254,0,0.1953,0.5431,1.1709,1.1032
2.3346,0.7416,0.2272,0.02408,0.03604,2.9901,0,0.2085,0.1227,0.1142,0.08275,0.5205,0,0.3596,0.02301,0,5.2187,4.0549,1.2001,0.8032,0.6334,0.3707,3.0968,0.3283
1.9673,0.7664,0.7234,0.07562,0.05132,2.342,0.107,0.2282,0,0.5619,0.3907,0.02419,0.2948,0.4279,0.04829,0.5288,2.8757,3.6326,0.848,0.2473,1.4239,0.9151,2.0789,1.206
3.6005,0.7917,0.2739,0.3316,0.2287,3.9651,0,0.6428,0.05,0.2486,0.2397,0.01505,0.01077,0.2733,0.02801,0.2072,5.9369,4.8071,0.9778,0.3994,0.7283,0.5918,3.9107,0.6998
2.7457,0.868,1.475,3.1418,0.3955,3.4461,0,0.4507,0.2992,0.3488,0.8056,2.9241,0.3863,0.468,1.0773,1.8659,5.3756,3.7393,2.5702,0.7186,1.4749,0.6195,3.2015,0.6038
5.2371,1.2612,1.4715,1.4402,0.473,5.873,2.1438,0.9751,1.0422,1.2823,0.8865,1.3118,1.6378,3.7305,2.3361,1.2475,7.3422,5.957,2.3549,1.989,5.9893,1.3471,5.916,2.052
2.8606,0.3942,1.1993,1.0097,0.8498,NA,0.1327,0.8633,0.432,0.5156,0.6081,1.2996,0.9828,0.1087,0.8825,0.1153,5.6996,3.7515,0.6876,0.08576,0.5406,0.2191,1.4964,1.5655
2.603,0.3032,0.3462,1.1426,0.1756,1.8847,0,0.1664,0.2054,0,0.4608,1.3384,0.5503,0.7844,0.3604,0,5.3135,3.8051,1.3524,0.04339,0.4276,0.7372,1.5358,0.6306
2.2019,2.3798,0.3061,0.7486,0.4546,NA,0.6133,1.3367,0.2177,0.8476,0.3314,0.4387,0.8691,2.1489,0.8946,0.06617,5.5617,4.5845,1.6543,0.7432,1.8487,1.145,3.1123,1.016
4.3378,2.0396,1.4458,0.1338,0.9251,5.5641,2.7093,0.3809,1.1878,1.7965,1.4534,0.8781,1.2261,1.8184,1.3201,1.3751,5.1909,6.0713,2.2879,2.8625,1.9472,2.0445,5.3652,2.6292
4.4163,0.9597,1.391,0.864,0.9805,3.5571,0.08201,0.2907,0.7691,0.07206,0.02354,1.3267,0.05875,0.6584,0.2331,0.2992,6.0946,4.9332,2.4128,0.3253,1.4144,1.2529,2.9817,1.5505
4.6153,1.0623,0.7536,3.5067,1.4945,NA,0.6583,4.2899,0.9329,NA,1.2495,4.1181,NA,0.1697,3.0544,0.09542,6.3835,5.597,NA,0.04952,1.0057,1.2647,3.3122,1.2011
2.5251,1.0303,1.5087,0,0.3605,NA,0.06135,1.0942,0.2499,0.3182,0.1726,0.9204,0.7713,0.3304,0.7433,0.1546,5.6514,4.0163,1.5524,0.2679,0.408,0.7231,3.1845,1.1811
3.9338,1.2742,0.64,2.6304,0.2728,3.5052,0.1243,0.892,0.6902,0.3761,0.1442,4.3938,1.1729,4.497,1.6816,0.07623,5.7392,4.4037,1.6179,0.3943,1.6407,0.3913,3.8903,0.8671
1.8778,0.5889,1.4942,1.1417,0.5729,2.2955,0,0.2116,1.0358,0.2116,0.1986,1.3875,0.03832,0.2181,0.333,0,2.0256,3.3759,0.8661,0.3326,0.4804,0.3328,1.6699,0.7584
3.5096,0.7541,1.2611,0.0802,0.09867,2.2524,0.2789,2.7017,0.7549,0.3452,0.3282,0.09919,0.6936,0.6233,0.7263,0,5.55,4.9716,1.4292,0.3749,1.2299,0.7954,1.9984,0.9214
2.2269,1.1699,0.6374,0.8452,0.463,1.9361,0.09827,0.6449,0.5927,0.08193,0.2278,1.0839,0.09228,0.3743,0.2856,0.2946,3.8972,3.2021,1.9322,0.5223,1.7014,0.696,2.5609,1.2608
2.7526,0.2644,1.3038,0.3168,0.8427,2.605,0,0.2594,0.9129,0.09143,0,0.9157,0,0.1799,0,NA,3.8972,4.9402,2.0174,0.326,0.4506,0.7044,2.1093,NA
4.667,1.1647,4.2714,3.654,0.8905,5.2348,2.0652,1.0611,0.3354,6.0634,0.9154,4.5392,1.5487,3.0185,0.9357,1.0564,7.0443,5.6418,2.7795,1.7046,2.3065,1.6864,5.2851,3.3257
2.6637,0.6604,0.6256,0.2629,0,0.9262,0.02041,0,0.4058,0.1392,0.146,0.557,0.03136,0.4521,0.08131,0,4.0051,3.5731,0.5043,0.3369,0.698,0.4259,0.741,0.4015
3.0835,0.366,0.05565,1.9236,0.09704,NA,0.04943,1.155,0.05121,NA,0.1307,3.051,0.2855,0.3971,0.2601,0.8935,5.3368,4.7008,1.8373,0.38,0.1766,0.419,4.441,0.4975
3.4977,1.5524,1.8504,0.5129,0.6877,NA,NA,4.4022,1.2909,NA,0.7388,0.9489,NA,1.3171,2.2772,0.8378,6.5069,4.7936,NA,0.4498,1.9378,1.7331,6.209,1.3919
3.7075,3.0325,0.2391,3.2726,0.6618,3.0544,1.9436,1.2007,0.6322,0.9395,0.8868,3.7848,0.4814,1.3331,0.8031,0.3779,6.7817,6.4753,3.882,1.2146,3.0508,2.3468,1.2153,1.9454
5.1603,0.5665,1.9008,2.4745,1.5452,NA,0.3693,0.5883,1.9562,0.7939,0.141,2.2958,0.4639,0.4794,0.2629,0.2541,4.7772,4.0829,1.672,0.05019,0.9511,1.2244,3.2542,1.9234
4.4951,0.9502,1.3435,1.0491,0.3636,NA,0.401,0.4887,0.3622,NA,0.2397,1.9272,NA,0.2194,0.806,0.6619,4.4367,5.2069,1.4073,1.0666,1.3489,1.7745,1.564,1.5508
1.7438,2.1301,1.7494,1.8458,0.8677,1.2757,0.1524,0.1906,0.6817,0.4601,0.3852,2.2864,0.0499,0.2888,0.2678,0.1328,4.3524,3.5401,1.4192,0.6551,1.5291,1.356,0.7803,1.3519
3.2302,1.7872,0.7462,2.7378,0.996,3.2033,0.4818,0.5463,1.2718,0.5674,0.6556,4.4245,0.6448,0.7552,0.6601,1.8445,6.0134,5.3635,2.7873,0.8658,1.2092,1.6598,2.9272,1.0411
4.5407,2.2898,0.983,1.9268,0.3828,4.6555,0.9484,0.7225,0.4741,0.6602,1.2915,2.1278,1.3601,1.1658,0.6015,0.5567,6.559,5.5697,2.3576,1.2294,2.1525,1.5069,4.0509,1.2123
4.4662,0.4365,1.4516,0.06311,0,NA,0.008315,0.3804,0.2117,NA,1.068,0.689,NA,0.6586,0.8114,0.1487,5.9752,3.8386,1.6359,1.1492,0.6709,1.3881,4.218,0.485
3.711,0.4895,0.2102,0.2266,0.1358,NA,0,0.5262,0,NA,0.332,0.3018,NA,0.07498,0.5998,0.154,5.015,3.8201,NA,0.1068,0.1636,0.445,1.2313,0.4886
2.3449,0.8205,1.0036,0.6831,0.4303,4.2248,0.1654,0.1936,0.2394,0.256,0.2416,2.272,0.3521,0.7245,0,0.845,4.6277,4.0893,2.6337,1.0509,1.6221,1.5132,4.8979,1.0373
2.1792,0.7879,1.2041,0.06857,0.9732,NA,0,0.7082,0.8684,0.8356,0.4031,1.2638,0.2167,0.4585,0.04114,0,4.0593,4.2403,0.5924,0.2187,1.487,0.3855,1.9017,1.6699
3.4082,1.3274,1.1414,1.3028,0.6055,4.69,0.5029,2.3182,0.756,0.5817,0.1651,2.0909,0.9603,1.1702,1.8311,1.5137,6.5265,4.6095,2.8929,0.497,2.0993,1.2355,4.6049,1.2443
3.6972,0.5457,0.5236,0.6094,0.1787,NA,0.2226,0.4723,0.216,NA,0.5693,0.7663,NA,1.0878,0.4336,0.6865,5.6551,4.6003,NA,0.4663,1.8359,0.7001,2.6126,1.2145
3.1344,0.5312,0.7487,0.2219,0.1201,1.5352,0,0.6135,0.004152,0,0.08879,0.624,0.1815,0.2727,0.4683,0.06015,5.0009,3.4086,1.283,0.1598,0.6572,0.4925,1.297,0.9848
2.8214,1.0074,2.0087,0.5534,0.3789,5.1588,0.9562,0.4284,0.2367,1.8129,1.2758,1.2719,1.6975,0.9777,0.4665,0.1942,6.7581,5.0557,1.0915,0.4338,2.4579,1.5745,5.0562,2.0812
4.1075,0.4519,0.6725,0.2843,0.2662,NA,0.06108,0.2157,0.05188,0.5618,1.2492,0.01881,0.7428,1.5929,0.5117,0.6343,5.2411,4.3444,1.4272,0.1642,1.8596,1.4453,2.6745,1.1921
3.2458,0.4855,0.6418,0.2773,0.8434,NA,0,0.3543,0.7284,NA,0.3702,1.1893,NA,0.1488,0.1362,0.1449,6.1217,3.5884,1.0923,0.3296,1.0078,0.5869,3.1222,1.1713
1.2846,0.2086,0.3754,0.4582,0.1981,NA,2.2908,0.2256,0,0.1172,0.4677,0.5391,0.3664,0.05411,0.4499,0.1792,5.8226,3.683,0.5931,0.2117,0.4494,0.3913,1.8545,0.8999
2.6091,0.7086,1.8946,0.6753,0.5515,NA,0.4006,1.2891,0.3471,NA,0.1969,0.56,NA,0.2731,0.4523,0.3832,5.4493,2.8148,NA,0.3345,0.4094,0.7068,2.5762,1.5061
2.8103,0.4023,0.4595,0,0.1893,2.4213,0,0.037,0.3181,0.1617,0.09049,0.2342,0.312,0.03085,0.3944,0.01235,2.7161,3.2022,0.2124,0.2041,0,0.2215,0.8191,0.5531
3.8606,1.1557,0.9268,1.4084,0.3449,NA,0,1.6691,0.6883,0.3714,0.5754,1.8382,0.1374,0.6549,1.0101,0.5192,5.2761,4.8063,1.6292,0.827,1.3415,0.8745,2.5426,0.9135
4.1444,1.0001,2.0485,1.6198,2.1,NA,0.2743,0.7285,1.4366,1.0867,0.5461,2.1571,0.3205,1.0815,0.1681,0.2989,6.8819,4.4637,2.0956,0.8092,1.8193,0.8257,4.6446,1.305
4.5797,0.8125,1.6338,0.9032,0.8402,NA,0.09828,0.5034,2.0762,0.5581,0.2675,1.6269,1.2174,0.493,0.2587,0.02614,5.6339,3.7483,1.2052,0.4548,0.5027,0.2642,1.2184,1.3526
4.7694,0.5445,2.2272,0.7347,2.6857,1.7352,0.05828,0,1.9085,0.3039,0,0.7479,0.1876,0.01164,0.1044,0.7655,2.4629,3.8509,1.1716,0,0.9348,0.3062,2.0685,3.2719
3.4326,0.8118,2.3879,0.1997,3.7373,2.5662,0.6167,0.2142,1.8224,0.7678,0.1393,1.7547,0.6659,0.531,0,0.08633,5.8944,3.8515,1.8457,0.3675,1.5185,0.6712,1.7052,3.0689
4.7402,0.9276,0.4591,0.7028,0.1511,NA,0.4521,2.3407,0.1527,NA,0.09813,1.5458,NA,0.2043,1.1856,0.5668,5.8639,4.1851,1.5482,0.5025,1.0325,0.3747,2.2173,0.9367
NA,0.6342,1.1856,3.7803,0.2732,1.8327,NA,0.3968,0.4479,0.09552,0.1928,5.0257,0.3011,0.2215,0.3011,0,4.1463,4.3664,0.5951,0.08142,0.8885,0.191,1.5781,0.7121
3.0273,0.6154,0.571,1.2257,0.3408,2.2185,0,0.426,0.6068,0.09364,0.1437,2.1081,0.0002795,0.2158,0.1703,0.05906,5.4912,4.4205,0.7232,0.5751,0.9657,0.6686,2.4964,0.8561
1.8194,0.3367,0.3899,0.1545,0.02019,NA,0,0.3811,0.07474,0.01119,0.0682,0.3694,0.1592,0.5792,0.7086,0.2376,3.5376,3.9946,0.1753,0,0.8875,0.2193,4.1192,0.5071
3.074,0.8091,2.8997,0,4.4132,NA,0.7494,0.4814,0.956,NA,0,0.7286,NA,0.3058,0.4763,0.3699,4.5217,4.0611,NA,0.5981,1.5033,0.1211,1.736,3.1181
3.4601,0.5664,0.2996,1.9489,0.2184,3.3454,0.05555,0.1936,0.3587,0.2101,0.5542,3.6651,0.1507,0.678,0.6267,0.171,6.4469,4.9122,2.0303,0.8268,1.092,0.6307,3.2013,0.3113
2.6346,1.1814,0.9084,0.6149,0.4596,2.7435,0.01443,1.1051,1.0195,0.6787,0.02414,1.4088,0.2188,0.3213,0.2077,0.1654,3.1674,3.1759,2.4916,1.1377,0.9206,1.1809,2.7169,0.2839
3.7408,1.389,0.5385,2.7557,0.8709,NA,NA,0.4014,0.6625,NA,0.3302,4.6897,NA,0.8361,0.6999,0.7874,6.7594,4.3193,NA,0.9484,1.4183,1.2701,5.7676,0.3995
4.9797,1.0021,2.1889,1.4415,1.6374,3.8757,2.4531,0.8306,2.4691,3.0468,1.6096,3.6834,3.2073,1.0024,1.2229,0.3534,6.3132,4.718,2.0498,0.1197,1.7956,1.6516,3.7682,2.0527
3.7984,0.2402,1.6659,3.233,2.2608,2.922,0.7341,0.5978,1.59,0.6752,0.1366,3.6687,0.6006,0.5081,0.9897,0,6.3134,5.4317,2.8886,0.7036,1.695,1.06,3.6883,2.1857
2.8197,0.8549,1.6748,1.0471,0.1217,NA,0.02586,0.7562,0.1152,0.7392,0.3542,1.652,0.4081,0.2774,0,0.2945,4.9047,4.8108,1.6598,0.6987,0.614,0.8994,2.287,0.4923
2.9013,1.3248,2.6185,2.2178,1.0704,1.4273,1.054,0.6257,0.6192,1.4282,0.1361,2.6065,1.3735,0.7286,0.02138,0.3746,3.9821,4.6043,1.62,0.9618,1.0383,1.218,2.025,1.7224
2.5866,0.8731,1.5751,1.3455,0.7614,1.7593,0.7817,0.2743,0.7347,0.2585,0,1.1822,0,0.03693,0.1203,0.1457,5.4401,3.7871,2.0805,0.5294,0.8138,1.4313,2.833,1.4384
4.6862,0.1955,0.1751,0.07603,0,3.2408,0.06052,0.8957,0.4616,0.5323,0.1335,0.1312,0.07914,0.7284,0.5421,0.215,5.8464,4.4044,2.5085,0.852,0.4049,0.8078,2.7943,0.5306
3.2777,0.1996,0.04556,0.03026,0.05487,3.771,1.0539,0.1996,0,0.1066,0.009183,0.05466,0.1972,0.6056,0.03088,0.1145,3.8476,4.4225,2.0355,0.6413,1.0285,0.3578,3.4251,0.04773
2.4531,0.8225,0.7863,0.3154,0.7348,3.6618,0.7208,0.7948,1.1782,1.4706,0.9376,1.1049,1.186,0.7721,1.6126,0.9701,4.1261,5.0758,1.5241,1.2738,1.1543,0.8098,3.0713,3.339
2.2799,0.7872,0.5733,0.6032,0.4473,NA,0.0872,0.5083,0.1414,0.3645,0.4619,0.592,0.07361,0.1365,0.2805,0.09693,5.1205,4.6644,0.9991,0.3034,0.6456,0.6331,2.99,0.6026
3.5814,1.5664,0.5329,1.026,0.4963,1.5377,0.1852,0.2849,0.1116,0.6464,0.5628,2.6284,0,0.6479,0.4931,0.2675,3.7909,4.4206,1.377,0.6187,2.3426,1.5491,0.7921,0.881
5.3606,1.529,0.3882,3.0232,0.1433,3.224,0.07509,0.7298,0.2365,0.239,0.6041,3.9209,0.8202,0.744,0.2249,1.1158,4.8993,4.9398,1.58,0.2541,1.5851,0.9497,2.7849,0.8542
3.8485,0.5856,0.596,0.9399,0.2561,3.4329,0.06468,0.04267,0.0632,0.403,0.1962,2.2657,0.4718,0.7314,0,NA,5.1752,4.431,2.2513,0.6201,0.8663,0.8956,3.8241,NA
3.6359,1.0097,0.801,0.08234,0.2264,1.955,0.7627,0.151,0.3305,0.7505,0.176,0,1.3939,1.0484,0.05354,0.2173,6.2021,4.4176,1.6065,0.4772,2.0106,1.5571,2.186,1.5656
2.1617,0.975,0.8571,0.8535,0.4083,NA,1.0586,0.6424,0.7705,0.8973,1.9892,0.7106,1.5875,0.8985,0.3423,0.1086,5.0317,6.1876,1.0966,1.3007,1.496,0.3257,3.7783,1.054
3.5942,0.8423,1.5,1.1747,0.5841,3.7736,0,0.7126,0.3719,0.1366,0.5281,0.8906,0.04018,0.4126,0.1807,0.5801,4.855,4.42,1.3733,0.5575,0.8174,1.3732,3.7109,1.2425
3.6072,1.0301,0.1051,2.9909,0.3479,1.7798,0,0.09633,0.3697,0.2208,0.2093,3.8973,0.3245,0.5299,0,0.07445,5.3291,3.0692,0.4812,0.2971,1.1591,0.475,2.0497,0.02721
4.5134,1.1052,1.3243,0.4484,1.0646,3.5353,0.1614,0.4205,1.053,0.5979,0.1048,1.327,0.3092,0.4672,0.5584,0.4418,6.5093,4.588,2.3833,1.3145,1.707,1.8672,3.8274,1.6382
3.4429,0.5479,0.1945,0.3858,0.2068,3.5016,0.2133,0.5549,0.7597,0.4549,0.7641,1.1514,0.7598,0.7702,1.1388,0.1291,6.143,4.5348,1.3312,0.06738,0.6085,0.369,2.6696,1.05
3.905,1.5511,1.8324,2.1314,0.7557,2.3686,0.1013,1.2394,0.5041,0.9597,0.6948,3.3129,0.8548,1.77,1.1633,0.8802,5.5399,4.6008,1.6427,0.8845,1.966,0.8533,2.9519,1.4355
3.803,1.3463,1.8783,2.0653,0.965,NA,1.3888,1.1707,1.3411,NA,1.7918,3.016,NA,1.0399,1.7663,0.2772,4.9936,3.7254,0.9446,0.4414,1.1629,0.8712,3.3008,1.4523
2.7954,0.969,0.6296,1.0543,0.6342,2.3295,0.0003624,1.8489,0.3933,0.1473,0.5178,2.213,0.2844,0.5367,0.1508,0.6301,4.8987,3.8112,1.4222,0.01333,0.9395,0.6116,2.4773,0.5163
3.8639,0.2538,0.4801,0.2979,0.05836,NA,0,0.5308,0.2025,0.2575,0.4288,1.2618,0.4447,0.4021,0,0.3128,6.8292,4.1861,1.2571,0.05614,0.7075,1.1832,1.2176,0.4577
4.354,0.7117,1.2891,0.4306,0.07119,2.8785,0.04761,0.3543,0.03881,0.2585,0.2897,0.5807,0.277,1.0135,0.05832,0.1648,5.9641,3.6994,1.1058,0.2025,1.7276,0.7687,3.1158,0.2458
3.3577,0.9336,0.3278,1.5491,0.0222,2.5234,0.02135,0.8372,0.3009,0.1666,0.4623,2.3595,0.294,0.4068,0.2251,0.752,3.3945,4.6716,1.2493,0.09031,0.9149,0.5711,2.2942,0.5239
3.1048,1.4926,0.5674,0.5233,0.1266,NA,0.1671,1.5302,0.4988,NA,0.6331,0.44,NA,0.7401,0.9979,0.2016,5.2003,3.5883,1.433,0.04854,1.2524,0.9618,3.3782,0.6146
3.5069,0.845,1.7904,1.5266,0.3248,NA,0.7244,0.7589,0.5103,0.8844,1.6156,2.6193,0.6801,3.4785,1.221,0.2152,5.1829,4.7462,2.2018,0.2575,0.8022,0.7003,3.0074,0.7248
3.2746,0.3245,1.7451,2.7227,0.6797,0.9451,0.1058,0.006976,0.3614,0.2082,0.6257,3.6998,0.5099,0.846,0,0.09305,3.1435,3.5238,1.8703,0.2793,1.623,0.6438,0.9675,1.3798
4.9316,1.595,1.0993,1.3702,0.2035,0.8084,0.1685,0.3792,0.1743,0.5659,0.363,2.3665,0.44,0.9536,0.3071,0.1203,4.7678,4.298,1.1536,0.4032,2.5434,0.6529,1.4231,1.383
3.9897,0.2207,0.1732,2.825,0,1.5988,0.02243,0.3202,0,0.001392,0.2465,3.7454,0.3558,0.2561,0.4376,0.5499,5.0763,5.0778,0.6888,0.1109,0.2688,0.2364,1.5226,1.6372
5.1729,0.07816,0.5327,2.5274,0.1288,NA,0.445,1.3325,0.1568,0.6022,0.2051,3.25,0.5095,0.1208,0.8439,1.2778,3.864,4.5715,1.0122,0.08454,0.2371,0.7845,1.5029,1.4242
3.4641,0.919,0.7203,2.5552,0.3722,4.1102,0.1918,3.0047,0.2636,0.2055,0.4258,3.1033,0.2519,0.71,0.3612,0.7113,6.4682,4.3351,2.182,0.6535,0.8553,1.2664,3.7638,0.7532
3.1995,0.1172,0.7791,0.0567,0.6125,3.5079,0.1213,0.2136,0.5269,0.2326,0.3311,0.2316,0,0.03532,0.2599,0.2626,4.6615,3.2598,0.6273,1.0356,0.1918,0.5043,3.8791,1.682
4.0847,0.6785,0.1531,1.8734,0.02918,NA,0.1955,0.9264,0.2133,NA,0.4817,2.4808,0.03595,0.8244,0.2556,0.07934,6.7248,4.6286,1.7451,0.1179,0.5672,0.5673,3.3672,0.6356
1.8151,1.5118,0.7165,1.1711,0.2642,1.3475,0.04266,0.358,0.3532,0.06098,0.3538,2.0249,0,0.2529,0.008045,0,1.967,4.3308,1.8252,0.1303,1.032,0.6075,0.7309,1.0391
3.2082,0.9099,1.657,0.7726,1.4249,1.5047,0.04978,0.5259,1.0678,0.2472,0.6192,1.0196,0.1599,0.765,0.4499,0.5576,3.9561,3.9747,2.1599,0.3819,1.6853,1.4078,0.1703,1.6519
4.3186,0.8903,0.3266,2.8194,0.5338,2.7864,0.3225,0.4271,0.5575,0.8419,0.5415,4.4659,0.01489,0.6186,0.2313,2.267,4.6768,4.0197,2.8681,0.6104,1.1289,1.11,2.9211,0.8201
5.3135,1.8932,0.9439,4.148,0,3.1076,0.1403,0.1759,0.8029,0.4398,0.3962,4.683,0.343,0.5708,0.2648,1.6266,6.2246,4.5754,2.0208,0.658,2.1444,0.9653,2.4461,1.2904
4.4626,0.472,0.7877,1.5451,0.6185,NA,2.0354,0.9452,0.5864,0.05258,0.9368,0.9237,0.3291,1.4918,0.3471,0,6.6008,6.1087,1.7105,1.8156,2.4755,0.2781,4.0798,0.7499
3.6046,0.3628,0.08281,1.4631,0.4576,2.0752,0.324,0.4118,0.7029,0.3396,0.3646,2.3323,0.2356,0.544,0.2262,0.2696,4.1198,3.9488,1.6195,0.4565,0.7162,0.5208,2.3615,1.2156
2.7021,1.4368,0.5394,0.1214,0.4804,2.3966,0,0.04504,0.3326,0.2987,0.1682,0.2633,0.559,0.4129,0.1365,0.09978,4.4053,3.2468,1.0498,0.1994,1.3823,0.9419,2.5865,0.3792
2.5525,0.5173,0.7185,1.6739,0.2869,2.011,0,0.6851,0.1481,0.1507,0.3224,2.2718,0.3721,0.391,0.1855,0.1687,4.484,3.932,0.9198,0.1761,0.1825,0.7941,1.9046,1.1563
4.9176,2.0752,2.4276,2.1476,1.4576,NA,0.618,1.409,1.1058,1.2267,1.0421,4.3231,1.2859,1.6044,0.7677,0,5.8226,5.0741,2.2658,0.15,2.8087,0.9989,4.3506,2.3812
3.4997,1.68,1.2907,4.2205,0.7256,NA,0.7216,2.1283,0.7425,1.4199,1.0177,5.1608,0.6579,1.9154,1.2301,0.109,6.5788,6.2215,1.7692,0.7262,1.8444,1.1536,4.0129,1.5493
1.1265,1.0362,0.3366,0.1423,0.3108,2.821,0.08142,0.5557,0.8124,0.5739,0.3516,0.9959,0.2366,0.5516,0.6265,0.3496,1.3967,3.8931,2.2068,0.8639,0.4315,0.5726,2.475,0.8879
3.0876,1.4834,0.6652,3.6362,0.3618,3.7394,0.2019,0.4557,0.4278,0.8076,0.5574,4.6732,0.9764,1.0685,0.03001,2.2723,6.1199,4.655,2.0066,0.7135,1.4119,0.6398,2.9305,0.5995
2.3156,0.7806,1.3605,0.575,0.4376,2.7698,0.09005,0.8244,0.08543,0.1603,0.2199,1.2794,0.08489,0.6601,0.6169,0.187,5.1485,3.1685,1.7809,0.2575,0.8205,0.7215,2.5969,0.896
2.6076,0.3161,1.9254,0.6622,1.1493,2.3182,0,0.06797,0.8646,0.4447,0.2323,1.8264,0.01444,0.1002,0.05415,NA,3.7989,4.0604,1.889,0.8575,0.568,0.8688,3.0213,NA
5.2425,1.8968,1.59,4.5529,2.1284,NA,2.1175,1.4143,1.3837,2,0.4315,3.5032,2.7932,1.8964,2.4817,1.0346,6.4774,5.6788,1.4441,0.4556,0.4255,1.7889,2.9373,2.539
1.7962,1.434,1.7157,0.192,0,NA,0.008973,0.3256,0.2626,0.933,1.9315,0.7572,1.2198,1.4072,0.4065,0.9383,7.4776,4.644,1.7529,0.024,2.4557,1.5986,5.2822,0.6165
3.5373,0.9805,0.04946,3.8036,0.5104,3.1056,0.1943,0.1968,0.2847,0.2386,0.01412,5.61,0.09373,0.1298,0.1498,0.5122,5.3262,4.117,3.249,0.6293,0.4449,1.4256,2.6856,0.7882
4.4612,0.6813,0.8908,1.2402,1.7752,NA,0.5113,1.8825,0.9137,NA,1.2014,1.396,NA,0.9138,1.4672,0.6903,7.0334,5.2869,NA,0.863,1.4667,1.8453,3.489,1.9159
1.8467,1.0009,1.0161,0.4444,0.2581,2.7861,0.08369,0.1007,0.6966,1.0773,0.7859,0.2834,0.5512,0.711,0.4109,0.04503,3.3207,4.4893,1.468,1.155,1.6908,1.2961,3.464,1.7474
3.4708,0.8105,0.734,0.2557,0.3595,4.5254,0.1958,0.2477,0.7325,0.7994,0.5093,1.4177,1.7991,0.8679,0.3662,1.2888,6.3544,4.8466,3.3988,0.6781,1.1692,1.8216,4.9511,0.794
2.8006,0.5417,0.321,0.8117,0.3626,NA,0.003353,0.8301,0.07309,NA,0.2029,0.7796,0.01258,0.2938,0.7733,0.05758,3.7283,3.699,0.6166,0,0.3088,0.6612,3.0246,0.8977
1.9145,0.6633,1.6623,0.3716,0.4617,2.7736,0.04782,0.286,0.4059,0.4738,0.1904,0.9955,0.04275,0.4645,0.02149,0.2102,3.9899,4.3211,1.0566,0.1974,0.3419,0.6265,2.203,1.7901
0.8741,0.6781,1.0493,0.9964,0.4773,3.466,0.003237,1.1443,0.9322,0.5288,0.4071,1.2402,0.1503,0.4427,0.6874,0.7605,4.1514,4.399,0.9857,0.7286,0.4165,0.1252,4.2614,1.4705
4.6117,1.2766,1.4841,1.1148,1.4192,NA,0.3826,0.1843,1.8201,NA,0.1139,2.5049,NA,0.3285,0.0742,0.06765,4.7876,4.4314,1.0799,0.3623,0.868,0.3701,4.1015,2.5902
2.2829,0.05775,0.3986,0,0.01655,0.5917,0.08491,0.0335,0,0.02888,0.1078,0.1574,0.03619,0.1223,0,0.05661,2.9703,2.822,0.3966,0.02019,0.03916,0.1206,0.1861,1.0895
4.2024,1.6698,0.6958,1.5053,0.6282,NA,NA,0.9234,0.9747,NA,0.8485,2.2898,NA,0.7837,1.4814,0.8328,6.0801,4.4785,NA,1.0576,2.3994,1.8163,3.2097,1.6495
1.9626,1.2322,0.4457,1.2776,0.1802,NA,0.5928,1.1132,0.5668,0.5389,0.4878,1.0772,0.03892,0.3298,0.5548,0.6494,4.1841,3.0253,1.0853,0,0.7772,0.7762,2.3488,1.3901
1.6599,1.549,1.733,0.6264,0.9895,NA,0.4816,2.5589,1.0099,1.2189,0.7082,0.6151,0,0.7615,0.495,0.2998,5.2994,3.1822,1.1065,0.2538,1.3722,1.098,2.2804,1.9067
4.8857,0.4333,0.5545,0.1476,0.1292,NA,0.5642,0.5591,0.1097,NA,0.9028,0.8896,NA,1.1936,0.4778,0.5751,6.1947,5.1923,NA,0.4216,1.377,1.4968,4.3234,1.6028
2.0988,0.2846,0.05758,0.1883,0.7337,NA,0.5253,0.1574,0.143,0.6152,0.3451,0.2912,0.6972,0,0.04249,0,6.1963,5.2913,0.5594,0.2965,0,0.2027,3.6682,0.4424
4.8463,1.4305,0.6231,1.3179,1.0426,3.4227,0.7145,0.1648,0.1266,0.6397,0.4729,1.7564,0.9204,0.7331,0.7479,0.5902,6.0871,4.4484,2.4805,0.7113,2.6435,2.8243,3.8976,1.7263
3.0827,1.2993,2.5246,1.273,1.1054,5.0107,1.2202,0.878,0.9963,0.9375,1.0682,0.7167,1.778,2.0558,1.009,1.4195,7.2847,5.4117,3.086,1.4882,2.2342,2.0581,5.3756,2.4584
5.1094,1.0059,1.5103,3.1872,1.8084,5.795,1.8714,1.2389,1.2129,1.8695,3.1439,3.4643,2.6673,1.5846,0.8275,1.7807,7.5086,5.7298,4.4472,1.21,2.3725,2.8261,5.7118,2.893
2.73,1.4618,0.04896,2.493,0.03277,2.933,0.003384,0.2338,0.6687,0.6065,0.6093,3.6445,0.4534,0.5345,0.6852,1.433,5.2658,4.8894,2.2205,0.5472,0.8642,0.7623,2.5552,1.459
3.853,0.4127,1.1537,1.2031,0.3822,2.2827,0.2999,0.7127,0.5346,0.2728,0.5073,2.4758,0.7226,0.7377,0.2795,0.615,6.0363,3.7029,2.2201,0.1169,1.3825,0.6178,2.841,1.3023
3.0586,0.2968,0.1212,0.7473,0,NA,0,0.6597,0,0.04111,0.1569,1.4693,0.4576,1.2033,1.0762,0.1536,5.9128,4.2807,1.0229,0.09596,3.0368,0.3247,2.6928,0.2015
3.0913,1.432,0.5777,0.7856,0.01967,3.6338,1.226,0.456,0.454,0.1021,0.3927,0.8127,0.4619,0.719,1.0764,0,2.2649,5.1266,2.5356,0.4391,1.9474,0.7243,4.1392,0.03643
3.1529,2.9271,0.863,4.2428,0.7388,2.5262,1.9258,1.0111,0.4323,0.3661,0.1505,4.076,1.4777,0.6391,1.0286,0.4897,6.8236,5.5411,1.2707,1.3176,2.6193,0.4642,2.7252,1.1093
4.3846,1.5103,1.2213,1.9695,1.0277,4.7985,1.192,0.931,0.1136,1.0794,1.0186,2.1986,1.2846,0.7177,1.0151,0.6096,6.5453,6.4096,2.2936,0.941,1.0007,1.5712,4.5603,1.161
4.7185,0.8817,3.2752,3.1959,0.6935,4.4124,1.3594,1.2877,0.9807,5.6277,0.644,3.6923,1.2449,2.7737,1.9724,0.3954,7.0551,5.8635,2.4167,1.6803,2.1484,1.5281,4.5702,2.5777
2.8221,1.5188,0.4174,0.3826,1.0481,NA,0.06147,0.3899,1.1427,0.5221,0.4792,1.0631,0.5574,0.3858,0.3528,0,4.0212,3.8736,1.2418,0.4823,1.1325,0.6301,1.9144,1.2628
3.6685,0.6478,1.0054,0.4438,0.8743,5.0752,0.876,0.4415,0.233,0.2995,0.9093,0.4468,0.6872,0.7684,0.4237,0.828,7.3811,5.6306,2.7114,0.6616,1.5231,1.8613,5.4387,1.3015
2.0176,0.7389,0.499,0.4287,0.2575,NA,0.03601,0.1127,0.1516,NA,0.203,0.9878,NA,0.7127,0.4493,0.2889,4.7326,4.6979,NA,0.4258,1.6594,0.4625,3.7898,0.5221
2.3487,0.7337,0,1.3541,0.9725,2.8217,0,0.7313,0.5561,0.6361,1.2248,3.2569,0.8043,1.0949,0.6818,0.6241,4.9233,5.646,2.8447,0.8453,2.5558,3.1467,2.984,3.3595
3.4416,3.717,0.4197,2.674,1.043,4.2888,1.7798,0.3238,1.1746,1.8774,0.7887,3.0813,1.9908,1.9573,1.1948,0.2295,6.2541,5.8292,1.0632,0.9919,4.532,0.5264,4.8473,0.8516
1.7971,0.5976,1.5831,0.406,0.7291,1.9354,0.1714,0.7563,0.6419,0.5632,0.9586,1.1681,0.7329,0.7625,0.7342,0.3276,2.7287,4.3321,1.1131,0.6244,0.3371,0.898,1.4401,1.6344
4.2994,0.3949,0.01229,1.2196,0.1784,2.1382,0,0.7617,0.4407,0.01426,0.2796,2.3614,0.1997,0.113,0.8383,0,5.1202,4.6034,1.3711,0,0.3795,0.6439,2.1438,0.6459
3.5771,1.8889,0.7628,2.0524,0.2421,3.531,1.3131,0.3667,1.158,1.5839,0.3706,2.3543,0.9088,0.9584,1.5408,0.1556,6.5537,5.5777,1.0642,1.6069,2.7704,0.6123,3.6748,0.834
2.7651,1.1574,1.6644,0.703,0.8457,2.3962,0.7012,0.1215,0.4486,0.1906,0.834,1.5562,0.7256,0.4754,0.3043,0.2211,4.304,3.2386,1.3821,0.337,0.8743,1.2307,2.4108,1.5469
2.2171,0.8069,2.8096,0.5113,0.505,1.6298,0,0.4269,0.7808,0.1628,0.8298,1.0423,0,0.9416,0.05675,0.5086,3.9946,3.2458,1.4841,0.4541,1.8094,0.6557,2.3736,2.2647
5.4708,3.2272,0.3816,1.1922,0.2748,3.367,0.9272,0.9629,1.0317,2.0814,1.1197,1.1908,1.8915,1.1346,1.3851,0.5022,7.4167,5.3877,2.4387,2.1886,3.1159,2.8555,2.9832,2.0596
4.355,2.4135,0.2465,1.3018,1.0481,NA,1.3154,0.2931,0.7467,1.1375,1.1578,1.3436,2.4095,0.4616,0.4828,0.4044,7.086,6.804,2.193,0.3402,1.8171,1.2077,3.8314,1.1307
3.7881,2.0005,0.1371,0.708,1.1015,4.3181,0.816,0.3087,0.9961,0.8691,1.0225,1.5045,2.0179,1.5335,0.3177,0.02725,7.1779,6.6543,0.6449,0.8896,2.8381,1.8328,4.5726,1.2516
3.5192,2.91,0.5543,0.7945,0.2969,4.8773,2.1505,0.4994,1.361,1.4553,0.3091,0.3285,1.8031,1.6563,0.7987,1.258,6.6117,5.8871,1.1614,1.2637,3.5637,1.2422,5.0621,0.6458
2.789,1.268,0.6949,0.9356,0.0282,2.4491,0.2855,1.0396,0.216,0.3225,0.3687,0.5834,0.5809,0.4066,0.6865,0.5032,5.2136,3.6298,1.378,0.3099,1.4364,0.7234,2.0429,1.3425
4.1338,0.8646,0,1.1826,0.161,2.9539,0.4312,1.8433,0,0.2903,0.4705,1.7332,1.0592,0.3137,0.9126,0.01322,6.8034,4.7173,1.4383,0.4594,0.8137,0.8267,3.3792,0.544
3.6717,0.5156,0.2138,1.1768,0.1777,NA,0.3271,0.9201,0.2334,NA,0.03943,1.9951,NA,0.208,0.8163,0.2596,4.9409,4.2741,0.5655,0.0401,0.127,0.3008,2.5993,1.0744
2.0891,1.2942,1.0272,1.062,0.5309,2.6355,0.8903,0.5032,0.484,0.5671,0.6712,1.4195,1.0933,0.3542,0.5666,0.3015,4.5833,3.703,1.6155,0.1781,1.3852,1.0118,3.0377,1.7264
2.6941,0.8602,0.4784,5.0531,0.6706,4.3871,1.3271,1.1233,0.06963,0.764,0.4614,5.0744,1.6632,1.7782,1.2709,0.6209,6.1507,5.8283,3.1142,1.6474,1.7366,2.1507,5.1368,1.5751
2.7758,1.5709,0.3689,2.2262,0.1607,1.234,0,0.04091,0.2996,0.2871,0.338,3.2738,0.03334,0.393,0,NA,4.8529,3.2117,0.894,0.2155,1.6607,0.6834,1.099,NA
3.0933,0.4973,1.2097,0.1945,0.2328,1.5558,0,0.3274,0.09769,0.4622,0.8851,1.7013,0.341,0.4304,0.008632,0.5426,4.864,3.5037,1.4921,0.8425,1.3057,0.4566,2.197,0.4319
4.4144,1.0599,0.4543,1.0904,0.21,3.2093,0.7225,0.1999,0.212,0.3059,0,1.7523,0.5408,1.9426,0.6425,0.1093,6.5694,3.9219,1.5502,0.691,1.1314,0.9038,2.3036,0.7623
4.6858,2.2083,1.095,2.9897,0.8298,5.1446,1.117,0.9537,1.0477,1.1281,0.9006,3.7935,2.1291,1.823,1.1746,0.7281,6.2491,5.3488,1.9702,0.7751,2.6934,1.4316,4.8915,1.1913
3.8223,0.3537,3.0717,3.3419,0.5995,2.7764,0,0.9883,0.5306,5.016,0.1017,4.5708,0.7817,1.7159,0.3105,0.1505,7.1048,4.7085,2.0601,0,0,1.5403,3.1619,3.12
2.2269,1.4503,2.0978,2.0402,0.9836,2.4941,0.6266,0.4443,1.5001,1.27,1.6904,2.5424,0.9905,1.3399,1.0637,0.5705,3.8522,3.8318,1.5177,1.1985,3.0662,1.2387,3.0771,1.9356
4.1346,1.5614,0.9075,1.0501,0.2845,NA,0.1716,5.445,0.2819,NA,0.7415,1.6464,NA,0.6022,2.4325,0.1605,6.895,5.6512,NA,0.6532,1.0759,1.3819,3.4304,0.93
1.6901,1.627,1.8523,0.1921,2.1105,NA,NA,0.7395,2.2679,NA,0.2324,1.9335,NA,0.385,1.2101,0.4187,3.5397,3.5643,NA,0.1106,0.808,1.4472,2.3975,1.284
3.8432,0.4188,0.3552,0.08227,0.7703,NA,0.2318,0.6142,0.5937,NA,0.2893,0.5862,NA,0.267,0,0.1422,4.5075,3.4319,0.8829,0.08508,0.4303,0.5562,1.5052,0.8659
4.5305,1.2614,1.6671,0.3191,1.55,NA,NA,0.6691,1.7008,NA,0.4469,0.3991,NA,1.0874,0.4611,0.5049,6.5708,3.9365,NA,0.3126,1.0755,0.8789,3.9397,0.786
2.8684,0.9594,1.2127,3.1061,0.9731,2.8093,0.03003,0.6556,0.521,0.4685,0.2538,3.742,0.09123,0.5526,0.139,0.8567,5.8173,3.8094,1.0124,0.466,1.2814,0.5281,2.9748,1.1229
3.1735,1.0965,1.2755,0.4508,0.4664,1.4083,0.1766,0.4363,1.1965,0.5324,0.1933,1.0033,0.2584,0.6978,0.704,0.09375,3.8109,4.147,0.822,0.2293,1.2969,0.2454,0.9707,1.8618
2.76,0.5514,1.4272,1.2877,1.4667,NA,0.7975,0.3005,1.3231,NA,0.353,1.4853,NA,0.3047,0.3495,0.3734,5.5189,3.3199,NA,0.09899,0.5987,0.5079,2.1403,1.8158
3.7623,1.3086,0.348,0.2195,0.3023,NA,0.2331,0.7552,0.311,NA,0.6075,0.04356,NA,0.1044,0.6993,0.4983,6.5046,3.8037,NA,0.6993,0.5215,0.8546,4.2576,0.2942
4.248,0.8652,1.1904,0.6335,1.2624,1.2647,0,0.672,1.037,0.6587,0.2568,1.9066,0,0.2385,0.01816,0.2625,5.3639,3.219,1.0794,0.4213,1.0372,0.3085,1.2417,1.5278
4.2296,2.1382,1.6009,1.3876,1.3994,NA,NA,0.5985,1.3543,NA,0.7199,2.7093,NA,0.6366,0.7026,0.7607,5.5901,4.5453,NA,0.6312,1.3801,1.5309,3.081,1.4575
3.2074,1.0032,0.3391,1.3015,1.0717,4.4701,0.1434,0.3253,1.7718,0.4161,0.3145,1.5302,0.1368,0.4875,0.04629,0.3614,6.4953,4.3554,2.1702,0.4845,0.8375,0.8761,3.5181,1.1217
5.0957,2.9187,1.4398,0.7485,1.0643,4.9078,1.0836,3.4205,1.3522,1.9171,0.7146,1.4584,2.7606,2.4015,2.1395,0.9127,6.817,6.2917,3.0544,1.6377,3.8758,2.0685,4.9954,0.791
2.9575,0.5807,0.2569,0.4134,0.3904,3.2757,0.6492,1.1121,0.6883,1.1117,0.6954,0.01169,1.2728,0.7745,0.9671,0.6253,4.3178,4.663,2.5285,1.1127,0.7929,1.1036,3.0798,1.4684
2.8339,0.6313,0.2668,0.5019,0.26,2.0636,0.09609,0.5048,0.1241,0.1693,0.1545,0.16,0.1057,0.06502,0.8282,0.08282,5.5755,4.1846,1.366,0.4543,0.8001,0.7523,2.2263,1.4051
5.1669,1.4906,0.7022,0.2497,0.3233,2.4904,0.5255,1.2075,0.369,0.4477,0.1367,0.7033,0.05377,1.6642,1.2814,NA,5.1481,4.2477,1.8471,0.4215,1.3576,1.2562,3.3191,NA
4.0027,1.2309,0.9273,1.1769,0.4374,NA,0.343,0.2781,0.3739,0.7352,0.8821,1.6776,0.6559,0.8152,0.161,0.1665,5.688,3.9247,1.5223,0.4278,1.6332,0.9104,1.7406,1.0302
2.6406,0.3336,0.8153,0.4429,1.0477,3.9008,0.1343,0.9006,0.1664,0.3538,0.08353,0.005301,0,0.6149,0.04844,1.1699,6.1409,3.4407,1.3319,1.0337,1.7266,1.1322,2.8967,1.4031
4.0766,0.4342,1.2245,2.4416,0.09979,NA,0.05401,0.6136,0.0391,NA,0.5973,2.7549,0.02421,0.6165,0.469,1.0243,4.9676,4.405,1.3366,0.524,1.1578,0.6485,4.1702,0.9262
3.2781,2.8798,0.4225,1.3771,0,2.5387,1.3427,0.3876,1.8908,2.2922,1.3709,1.7369,2.2415,2.432,0.6193,0.3489,3.0682,4.8948,1.0413,1.1561,2.6661,1.0434,2.64,1.7224
2.3211,0.8263,0.9965,1.76,0.4793,NA,0.09287,0.4231,0.4413,0.5402,0.08035,1.5646,0,0.7037,0.2806,0.5484,2.9985,4.5721,0.8473,0.1955,1.0933,0.3334,1.307,1.5768
4.496,1.3972,0.2772,4.2582,0.3804,NA,0.8172,1.1581,0.04328,NA,0.0771,4.9922,NA,0.3309,0.8759,2.1759,5.834,4.8202,1.4663,0.1615,1.4321,0.6282,3.1476,0.6636
4.3214,2.5798,0.9041,2.6515,1.5967,2.7359,0.8321,0.3439,2.1057,1.4159,1.4657,4.8546,1.3037,0.6926,1.4464,0.2252,4.8331,5.166,2.0386,0.9539,2.7267,1.9045,4.0027,1.7525
5.2031,1.5767,0.5512,2.0438,0.8666,4.895,0.5105,0.7001,0.9483,0.5356,0.5896,2.6236,1.362,1.2301,0.1787,0.6577,6.1904,4.3637,2.4714,1.1541,1.7623,1.7953,4.6107,1.521
3.2861,1.9451,1.1566,1.1293,1.5519,NA,0.1339,0.9741,1.8359,0.8515,1.0448,1.5501,0.6779,0.5817,0.1069,0.1109,5.9003,4.4987,1.674,0.6557,1.7285,1.0585,3.9514,1.5094
3.6466,1.5363,0.1187,4.9654,0.2374,2.1141,0,0.9947,0.5408,1.1576,0.383,6.4385,0.4133,0.5432,0.269,3.0335,3.8672,4.7209,2.8473,0.8727,1.2676,1.2525,1.5046,0.8149
3.4533,0.2977,0.09845,0,0.0005163,NA,0.1277,0.2117,0.0505,0,0.2049,0.1658,0.7225,0.1444,0.3541,0.04864,6.476,3.7751,0.0784,0.5503,0.1041,0.096,4.4146,0.9237
3.6897,0.913,0.8336,0.7299,0.05463,2.8648,0.03493,0.3144,0.6464,0.1668,0,2.0873,0.06381,0.612,0.02942,0,6.4269,4.1673,0.9551,0.4575,1.0451,0.7375,2.5156,0.8651
2.2316,1.7882,0.03456,0.5816,0.3573,1.7724,0.02904,0.2945,0.4242,0.1241,0.06679,0.3616,0.1991,0.502,0,0.5813,3.7399,NA,0.01511,0,1.5781,0.3718,0.9251,0.2155
0.8792,0.7972,0.5788,0.6353,0.2684,NA,0.4268,1.1144,0.1138,0.6589,0.4724,0.751,0.1157,1.1257,0.01494,0.0486,3.8675,4.2399,1.9967,0.5498,1.1916,1.4616,3.6195,0.4384
3.1627,0.8511,1.7853,0.7065,1.1964,NA,0.02118,0.4308,2.3603,0.182,0.1267,0.8343,0.4732,0.6365,0.1795,0.3373,2.2575,3.7079,0.8396,0.07455,0.2732,0.3676,1.9513,0.1716
3.8425,0.5793,0.699,0.3868,0.03477,NA,0.04379,0.6508,0.4949,0.9927,0.3684,0.3595,0.9099,0.652,0,0.05878,2.8461,4.546,1.4923,0.8087,0.2655,1.1061,1.0161,0.09347
2.9144,1.3564,0.9781,3.0278,0.2052,3.0189,0.3488,0.3143,0.5271,1.0356,1.5895,4.4123,1.7566,0.926,0.4811,1.7858,7.026,4.4665,1.8795,0.6186,2.255,0.4622,3.6949,1.1044
2.2556,1.1129,0.6943,0.8398,0.4275,NA,0.06644,0.5103,0.2457,0.2853,0.9866,0.8916,0.4081,0.8252,0.2029,0.07696,4.6231,3.1806,1.4521,0.2087,1.8553,0.8019,2.5255,0.4278
5.5367,1.1017,0.1335,0,0.1473,3.9137,0.1205,0.3383,1.582,0.3012,0,0.9213,0.2768,0.2967,0.04652,0.1361,5.5396,5.7776,1.3141,0.8147,1.0628,0.5439,3.126,0.6659
2.575,1.9311,1.016,0.9323,1.8648,3.8767,1.5567,0.8595,1.4168,0.6117,0.9397,1.5386,0.903,1.0025,0.868,0.1516,6.075,3.384,1.9761,0.8336,1.4916,1.6093,3.7305,1.8697
2.8608,1.2566,1.79,1.2882,1.239,4.3888,1.3348,0.3931,0.5553,1.7814,0.6171,2.2155,1.2437,1.1515,1.2391,0.7567,4.882,5.892,2.5952,1.2061,1.8072,1.6761,4.2652,1.7256
2.6177,0.5139,2.3393,1.6161,0.3546,2.651,0.2157,0.1807,0.4225,4.4689,0.26,3.3323,0.1798,1.5732,0.2072,0.5659,4.1212,4.4477,2.2312,0.1151,0.1,1.4739,2.9957,2.3796
2.0796,1.3099,0.9185,3.391,0.49,3.5391,0.1198,0.4954,0.6978,0.654,0.2398,5.1399,0.2735,0.868,0.01668,2.9418,4.24,5.0633,2.1681,0.7755,1.4747,0.9921,2.6133,1.7294
4.9795,0.2815,0.02141,0.4372,0,NA,0.6185,0.4167,0,0.3623,0.2745,0.1012,0.2707,0.6468,0,0.02023,5.6311,3.9164,1.1019,0.2463,0.6457,0.3533,3.7506,1.1728
2.3806,0.3319,0.08418,0.3584,0.002914,0.9154,1.0702,1.0106,0,0,0,0.9748,1.0396,0.3369,0.4424,0.1847,3.5542,3.6394,0.9187,0.4461,0.8891,0.2702,0.4341,0.6093
3.2444,0.5249,0.7199,0.5816,0.9432,2.0817,0.2754,0.1119,0.8911,0.3222,0.3682,1.4506,0.4306,0.46,0.1629,0.1392,3.8856,4.9023,1.5917,0.4915,0.6407,1.2541,2.3197,1.5907
2.9064,0.9253,1.1319,0.314,0.6176,NA,0.4872,1.0266,0.4447,NA,0.4547,0.6229,NA,0.5073,0.453,0.3759,5.9629,3.909,1.9443,0.583,0.7959,1.3124,4.5965,1.5118
2.5464,0.7763,2.3456,0.9563,1.5436,NA,0.3238,0.8158,1.5418,NA,0.5247,1.4756,NA,0.658,0.8592,0,6.2607,4.2531,NA,0.3111,0.5841,1.2325,2.5258,1.3823
1.3119,1.392,0.5506,0.2346,0.1603,2.8245,0,0.1322,0.1513,0.29,0.2304,0.6005,0.6379,0.4803,0.02981,0.1757,5.9739,3.6454,0.9168,0.3812,2.2176,1.218,3.5973,0.4585
4.5868,2.06,3.6528,3.026,1.1808,5.3433,2.1037,0.9377,1.9384,2.5759,1.5578,5.2407,2.1537,1.7637,1.8206,0.9013,7.2501,4.5822,3.2481,1.8656,3.4513,1.2846,6.0318,1.6642
4.5336,1.4882,1.5617,2.824,0.07553,3.4062,0.02159,0.3787,0.429,0.259,0.23,3.7488,0.3324,1.0965,0.5045,0.1083,5.7431,5.4217,1.3487,0.7994,2.0974,0.735,3.8799,1.3838
4.9855,0.5617,0.05838,0.2098,1.1327,4.7234,0.007163,0.4018,0.8071,0,0.1098,0.249,1.0717,1.1621,0.1203,0.6648,7.1403,5.6889,2.1272,0.002441,1.8164,1.6047,4.5568,0.7281
4.5197,0.7745,0.3153,0.3342,0.007088,NA,0.1173,0.2184,0.2492,0.4704,0.5714,0,1.0644,0.9347,0.3775,0.06624,6.9625,5.7256,0.8468,0,0.8332,0.2399,3.4198,1.8715
5.2123,0.5995,0.5686,1.5757,0.18,4.1061,1.7307,0.7376,0.2113,0.358,0.6576,2.7494,0.307,3.6422,2.14,0.0819,5.8234,4.163,2.3323,0.8244,0.5641,1.0145,4.3579,0.3538
3.2581,1.2515,0.2625,0.00429,0.3761,1.4986,0.148,0.4106,0.6075,0.4273,0.04665,0.899,0.302,0,0.9258,0.05401,3.5975,4.287,1.438,0.1997,0.41,0.8439,2.3142,0.573
2.6606,0.3176,0.2042,0.5792,0.3438,3.4797,0,0.5672,0.8744,0.5522,0.7318,0.777,0.6204,0.5643,0,0.3992,3.6733,4.0845,1.1364,0.2289,2.3151,0.6005,3.1009,0.8105
3.7225,2.4006,0.4735,2.179,0.3782,3.8717,1.8304,0.5257,0.8492,0.838,1.0518,2.9593,2.1591,1.1504,1.5495,0.333,4.819,5.5941,1.4718,0.9686,2.9462,1.0816,3.1229,1.2083
3.3586,1.5338,2.4599,1.4634,1.5452,5.5993,1.6808,1.8489,1.4487,1.8004,1.6592,1.74,2.7305,1.8084,2.6088,1.8282,6.7558,5.9569,3.5251,2.8323,1.5482,2.0937,5.7389,1.9845
6.104,2.5881,2.5768,2.892,2.0672,4.9124,2.1439,0.9584,2.3191,2.979,2.0047,3.6304,2.0811,2.741,2.4402,1.403,7.0911,6.4125,3.289,5.7935,4.6298,5.4525,5.6936,1.3969
3.875,0.4603,0.3816,0.1858,0.2041,NA,0.029,0.7722,0.3634,NA,0.1315,0.5833,NA,0.1384,1.1972,0,6.6116,5.0863,NA,0.1042,0.5558,0.8975,2.2823,0.7898
2.8561,1.0837,0.3467,0.1261,0.2684,2.5822,0.3831,0.439,0.392,0.6128,0.702,0.6039,0.1568,0.9935,0.06791,0.06749,4.6902,4.5306,1.4205,0,1.9641,0.5424,2.5565,0.8979
3.6676,0.5041,0.7174,1.2301,0.3184,NA,0.08544,0.8363,0.3716,0.5277,1.0383,2.492,0.7796,0.8487,0.3346,0.8892,5.3017,4.4962,2.1076,0.7464,1.6265,1.7164,3.1705,1.103
4.7653,0.798,1.2751,0.08808,0.662,4.6028,0.3058,0.1353,0.5777,0.4625,0.1314,0.6409,0.01538,0.7133,0.1776,0.0554,6.7078,4.9662,1.8268,0.6078,1.9009,1.3784,5.3324,1.2426
1.0754,0.5824,0,0.4517,0.06946,3.195,0.004055,0,0.2613,0.1775,0.06517,0,0,0.286,0,0.06505,1.7118,3.5793,0.6779,0,0,0.5458,2.8124,0.3715
3.8781,0.7336,1.4315,0.1612,0.6025,NA,0.6582,1.0831,0.3304,NA,0.5254,0.8311,NA,1.1355,0.3567,0.581,5.3744,4.6853,NA,0.4457,1.5621,1.299,4.8723,0.6619
3.0332,0.6452,0,1.0545,0.67,4.533,0.7164,1.0691,0.2531,0,0.3264,0.351,0.5989,0.3619,0.2403,0.136,4.6431,5.3657,0.4474,0.4186,0.3275,0.3037,4.1958,0.2687
3.5108,1.2383,1.4866,3.1961,0.7121,NA,0.4863,1.249,0.2706,NA,1.0899,2.7295,NA,0.9098,0.7558,0.5758,5.549,3.6257,2.203,1.5557,1.9109,1.2805,3.8423,0.7984
4.4088,0.645,1.137,1.3757,0.1102,3.5342,0.312,0.7641,0.4067,0.9951,1.2283,1.4276,0.8939,1.0166,0.4951,0.3552,6.0005,4.3192,1.5553,0.7501,1.3743,0.6937,3.7848,1.0475
5.2972,1.8219,1.1726,0.4363,1.1779,3.7968,0.09673,1.3409,0.6303,0.05606,0.2892,0.1421,0.343,1.3442,0.5645,0.03845,6.0169,4.6373,1.632,0.6177,2.2016,1.3166,2.9384,1.0918
2.7409,0.9139,0.9871,2.526,1.1241,NA,0.3069,0.2866,1.4545,0.2995,1.3545,3.2706,1.143,1.1761,0.134,0.5632,4.4405,3.208,2.1873,0.08526,2.1361,0.8879,0.9215,0.7915
3.7468,0.5229,0.4326,0.486,0.2836,1.6349,0.1539,0.1114,0.2469,0,0.03238,0.3876,0.001922,0.3264,0.2623,0.4231,3.5616,3.5689,1.3576,0.1644,0.2048,0.3892,1.0589,0.6673
3.2288,1.0647,0.4409,0.5965,0.1776,NA,0.0838,0.36,0.3184,0.286,0.8828,0.1998,0.4013,0.6033,0.1891,0.03817,1.8457,2.8012,0.9544,0.1783,1.2603,0.98,0.08307,0.7126
1.527,1.3221,1.5767,1.2459,1.6905,NA,0.6435,1.4092,0.918,0.6011,0.7387,1.5472,1.0166,1.035,0.2685,0.9667,5.6099,4.3663,2.3001,0.7917,1.6053,0.7681,3.7898,0.8584
3.9417,1.463,1.3679,2.263,1.4163,NA,0.08039,0.3017,1.6056,0.7619,1.1259,2.844,1.0384,0.8412,0.4783,0.547,4.4458,4.0278,1.2461,0.3309,1.1256,0.6435,1.2867,0.5696
2.4837,0.3412,0.5944,1.2459,0.04829,NA,0.2333,0.7831,0.3271,0.7787,0.1988,1.7867,0.7369,0.6256,0.5504,0.01726,5.8733,4.8627,0.665,0.106,0.6507,0.9622,2.8858,0.8635
1.8947,1.078,0.2443,1.076,0.6008,NA,0.3297,1.6655,1.8562,1.4162,0.8649,0.8604,0.9064,0.673,0.1418,0.9942,5.9981,4.1316,2.1058,0.5777,1.1125,0.4882,1.9441,0.817
4.5681,0.4436,1.9891,0.3713,1.3557,NA,0.6198,0.366,1.0601,0.4834,0.5891,0.0898,0.1289,0.4561,0.03316,0.3035,4.3317,3.4336,1.2499,0.5556,0.8811,0.7558,1.4616,2.4608
2.669,0.8597,0.5989,0.5348,0.2825,NA,0.1886,0.5105,0.6165,0.2314,0.5197,0.4047,0.3582,0.7751,0.2531,0.03442,4.2575,4.0816,0.919,0.2962,0.7857,0.845,2.3495,0.2941
4.712,1.0145,1.2167,3.1254,2.2235,3.2599,0.3766,1.3635,2.1425,0.456,0.4504,3.8767,0.1308,0.806,0.2059,0.2637,4.4421,3.9983,1.8098,0.6144,1.7936,0.5551,2.0451,2.9569
1.6738,1.1923,1.4733,1.2609,1.42,3.1318,0,0.8193,1.678,0.8682,0.9088,2.3507,1.2313,0.9907,0.636,0.1419,3.8862,4.5178,1.9118,0.4801,1.4694,1.3123,3.0734,1.8628
1.4558,0.8491,0.3515,0.333,0.1312,4.3177,0.6287,1.0089,0.5385,0.308,0.2616,0.3607,0.1648,0.3931,0.1112,0.1221,4.6718,5.0687,1.1519,0.1786,0.1368,0.4787,4.8522,0.7705
4.6215,0.7496,1.9617,0.6057,0.5767,NA,0.689,1.6718,0.3413,NA,1.1218,0.92,NA,0.815,1.254,0.9735,6.0885,3.2273,NA,1.7395,1.7164,1.7113,3.4943,2.1679
4.2291,1.1488,0.3243,0.7937,0.2512,NA,0,0.269,0.3039,0.1523,0.679,2.7425,0.4562,0.7983,0,0.4574,5.8456,3.9704,1.9411,0.3336,1.6733,1.1431,1.7974,0.8889
1.6359,0.4367,0.8634,1.1445,0.4024,NA,0,0.4629,0.6214,0.1586,0.6553,1.1635,0.7979,0.04633,0.08983,0.02881,3.6008,NA,1.0381,0.04823,0.3799,0.6117,1.5681,1.9546
3.0418,0.747,1.719,0.08598,1.4395,1.8317,0,0.3543,1.0958,0.4445,0.1337,1.8229,0.09282,0.1219,0.6647,0.5941,2.2967,3.6257,1.5432,0.2687,1.7076,0.6316,1.5602,1.703
5.2552,0.4139,1.1919,2.2654,0.4244,3.1297,0.0133,0.9189,0.1502,0.1953,0.2402,3.546,0.5238,0.2831,0.3796,0.1486,6.0863,4.8531,2.7444,0.03571,0.8856,1.0848,3.279,0.8455
4.244,0.2859,0.4428,1.3191,0.3705,NA,0.24,0.339,0.2708,0,0,1.4783,0.319,0,0.5487,0.03804,4.4533,3.797,0.3902,0.04412,0.1488,0.1312,1.7644,1.6975
3.3781,1.0222,0.5187,0.4696,0.4621,1.7151,0.2325,0.2285,0.3094,0.07336,0.1706,1.2184,0,0.2606,0.1393,0.06596,5.9467,3.3759,1.6132,0.1468,1.3584,0.7472,1.6636,0.2174
3.6954,0.6894,1.094,1.9691,0.6598,2.9776,0.1486,0.2909,0.3635,0.237,0.06515,2.6131,0.09706,0.5123,1.1969,0.4112,4.9461,5.2809,1.5606,0,1.2731,0.9052,2.1728,1.504
3.4569,1.4571,0.4832,0.3972,0.1764,NA,0.03723,0.296,0.3546,0.612,0.6613,1.0669,0.6846,1.1931,0.6195,0,4.676,3.9486,0.8588,0.006447,1.0811,0.9905,2.1324,0.679
4.9167,0.9753,1.8416,1.0569,1.2982,2.5802,0.1499,0.3874,1.2422,0.3102,0.254,2.026,0.1732,0.4445,0,0.2542,5.1832,3.6894,2.3273,0.5507,0.8499,0.973,4.0152,1.7591
2.8877,1.5696,1.8074,0.9725,0.9973,NA,0.04193,0.2806,0.4151,0.4418,1.0087,1.2644,0.7472,1.2299,0.1986,0.2665,4.3199,3.936,2.517,1.0207,1.5411,1.0308,3.4086,0.6648
2.2438,0.4646,0.6582,0.5237,0.4553,NA,0.6169,0.5216,0.8009,0.6032,0.5763,0.8872,0.1523,0.7718,0.4189,0.6078,5.0352,4.3973,0.981,0.5017,2.1719,0.05448,1.0246,1.2854
3.0497,0.7475,0.7401,3.0122,0.4709,NA,0.2508,0.1451,0.3981,0.8483,0.4068,4.1166,0.6578,0.423,0.3437,0.7931,5.5116,3.572,1.5063,1.0198,1.1913,0.9215,4.0293,0.8015
3.2255,1.4213,0.61,0.6744,0.1121,3.8559,0.6459,1.6828,0.6736,0.9206,0.1456,0.9559,0.7345,0.6209,0.3437,0.2859,5.7354,5.3056,1.3993,0.7736,1.3403,1.1127,3.8351,0.4266
4.996,1.71,0.8178,3.0327,0.8959,3.6813,0.3496,0.9173,1.0545,0.5732,0.3708,4.4466,1.274,0.618,0.7922,0.8008,6.6492,4.8641,2.0903,0.4757,1.8716,1.0366,4.4313,0.8166
4.5194,0.9193,1.7978,0.3377,2.0307,3.5838,0.1361,0.1053,3.1451,0.9569,0.3865,0.684,1.1408,0.5128,0.118,0.01563,6.47,5.0943,1.4324,0.1748,1.5386,0.8038,4.5073,1.8922
1.7525,0.4366,0.1918,0.3521,0.198,0.9265,0,0.5285,0.03765,0.07936,0.05811,0.2755,0.04726,0.4162,0.2135,0.7171,2.1174,NA,0.1744,0.3295,0.4014,0.2366,0.0547,0.4416
2.7224,0.7983,0.9192,0.4632,0.8593,3.0723,0.003449,0.3097,0.3527,0.2487,0.4886,1.5899,0.2845,1.8879,0.02345,0.1109,5.1908,4.2462,1.6848,0.5604,4.0317,1.0651,2.8877,0.7584
2.0162,0.6322,0.2167,0.3049,0,NA,0,0.04654,0,0,0.1363,1.589,0.2601,0.1941,0,0,3.207,2.8671,1.3318,0.5957,0.7534,0.8242,2.248,0.2921
5.2895,0.8707,2.0052,2.8138,1.2231,4.9054,0.8573,0.692,1.7222,2.2442,2.3462,3.2309,2.3797,2.2926,0.9438,1.2174,6.627,4.8471,3.5476,1.2132,3.3459,2.4923,5.3799,1.8289
4.2066,1.3268,0.7626,1.0566,0,NA,0.6998,2.0322,0.4302,0.6261,0.8491,2.1937,0.2654,1.136,0.3608,1.1365,6.5769,4.3584,2.016,0.3285,1.688,1.5173,3.0649,1.2023
2.3125,0.5609,0.528,1.2551,0.4111,3.0533,0.1334,1.4321,1.0206,0.1556,0.2141,2.4795,0.7247,0.2978,0.4396,0.1747,4.1579,4.1274,0.9508,0.1305,0.3241,0.1748,1.3742,0.6515
3.558,0.7924,1.0389,0.8245,0.7658,3.7125,0.4763,0.8521,0.2728,0.2073,0.8552,1.184,0.8849,0.4166,0.3236,0.7483,5.6526,3.5626,2.2147,0.7511,1.2638,1.0808,3.3382,0.6913
3.0959,1.0399,1.327,1.3218,1.7382,NA,0.1084,0.2459,1.1902,0.2426,0.4339,1.8972,0.7641,0.5851,0.2016,0.161,3.249,4.0381,1.0461,0.1132,1.4364,0.3888,1.549,1.7242
3.9905,1.1076,1.5032,2.4814,1.9746,2.5264,0,0.08901,1.3463,0.1888,0.03799,3.5462,0,0.1449,0,0.02021,4.7617,3.7953,1.2485,0,0.573,0.3026,1.8001,1.4652
2.8736,1.4275,3.9472,0.5055,4.0635,2.9401,0.1035,0.2523,3.3578,0.7838,0.158,1.436,0.02764,1.2008,0.115,0.1538,3.1413,4.352,0.828,0.1257,2.8646,0.05104,1.6078,4.1439
2.9418,1.0482,0.7506,2.4557,1.6179,NA,0.6911,0.7728,1.4357,0.4732,0.3662,3.6668,0.5514,0.8719,0.1218,0.7734,5.6597,4.264,1.9399,0.4633,1.5223,1.3765,2.0796,1.6435
2.8905,1.1125,0.7499,1.6292,0.3066,3.3047,0.03189,0.12,0.4346,0.1257,0.6243,1.6923,0.5023,0.455,0.2391,0.1424,4.4553,3.8005,0.9033,0.2335,1.205,0.5299,2.5101,0.8277
4.2751,1.0809,0.1118,0.6252,0.06994,NA,0.6794,0.2832,0.1102,NA,0.2963,1.3956,NA,0.3076,0.1941,0.1837,4.9726,4.002,0.9633,0.1393,0.8719,0.4967,3.151,0.8723
2.9933,0.535,0.7849,0.1026,0,3.2016,0.03915,0.6113,0,0.1169,0.421,0.1691,0.7981,0.2855,0,0.07222,5.9668,4.0233,1.3047,0.4904,0.8424,1.2327,2.1326,0.832
3.5106,0.6383,0.8378,0.3785,0.4055,2.9178,0.08763,0.5374,0.7621,0.4237,0.4385,0.8364,0.1026,0.5612,0.1305,0,5.4331,4.0878,1.1235,0.5832,1.397,0.6619,1.9146,0.9695
3.1829,0.3716,1.452,0.3915,0.2912,NA,0.4379,0.6297,0.2396,0.5991,0.3702,0.8152,0.5271,0,0.5762,0.3382,4.6377,2.9629,0.23,0.8969,0.1524,0.1195,1.1787,1.1171
3.3292,0.7852,0,0.5544,0.04207,NA,0,0.5809,0.1778,0.1037,0,0.5376,0.1045,0.389,0.5756,0.03584,4.2852,3.4858,1.4552,0.07339,0.5029,0.5932,1.8313,0.861
1.1851,1.0875,0.5857,0.1862,0.09786,2.6998,0.1818,0.5897,0.3394,0.5492,0.07728,0.2089,0.08016,0.7048,0.6622,0.3142,2.5108,5.3017,0.6757,0.1372,0.8723,0.2489,0.9602,1.225
2.1313,1.3035,1.0985,1.7299,0.3191,1.357,0.6485,0.2611,0.5375,0.5898,0.4471,2.9449,0.315,1.1206,0.1742,0.1817,1.9411,2.9172,0.4526,0.2139,1.3735,0.29,0.2574,1.3125
4.1782,1.5524,1.2293,3.9755,0.8585,NA,0.1817,1.2307,0.5944,0.6162,0.1082,4.5513,0.797,0.7988,0.4446,0.1485,4.5944,4.788,0.9015,0.5534,1.389,0.1588,2.1884,1.3901
1.5995,1.3572,0.2285,0.1913,0.1621,3.0313,0.8398,0.5784,0.4256,0.8719,0.5109,0.1101,0.304,0.7947,0.2943,0.2752,4.6234,5.4403,0.6182,0.5582,1.318,0.6411,1.8683,0.3811
6.109,0.8738,2.0389,1.7723,0.9619,NA,0.6826,0.6739,4.381,1.2436,0.7817,2.0757,0.7402,0.5961,0.4056,0.6974,5.695,4.5723,1.8996,0.4951,1.8145,1.0356,3.5494,1.4258
4.4584,1.2927,4.2576,3.0029,1.5548,4.4747,1.5834,1.8245,1.6375,5.944,1.5495,3.9475,0.8892,2.9461,1.8126,1.7843,6.8572,5.185,2.5185,2.1583,2.6798,2.1103,4.8071,3.1671
2.8123,0.9727,2.2222,1.5972,1.1932,3.6816,0.4514,0.2826,1.0323,0.07783,0.7236,1.3723,0.268,0.5743,0.2992,0.3427,5.2836,4.6118,2.0829,1.3616,2.0012,0.8821,2.0783,1.6073
4.1622,1.0673,0.9751,1.6916,1.82,4.6195,0.7761,0.6979,1.5373,0.5547,0.3105,2.1154,0.1617,0.4736,0.2236,0.8798,7.0402,4.2428,1.7195,1.0741,1.003,0.6742,4.3889,1.772
4.9358,1.0295,2.712,3.634,2.6443,NA,0.2719,0.09055,2.9416,0.8153,0.7802,4.7079,1.2862,1.7116,1.2881,0,6.0989,5.8552,0.6769,0.3093,0.3712,0.7171,3.955,2.6187
3.573,0.3713,0.5346,0.09393,0.2903,NA,0,0.2431,0.3899,0.03021,0.2438,0.5158,0.3161,0.2361,0.4256,0.06317,6.3589,3.7559,1.5412,0.0006212,0.1058,0.6888,3.2347,0.8934
4.2295,1.1281,0.2234,5.9343,0.02743,4.2545,0.2119,0.02479,0.1763,0.8493,0.5748,7.2797,1.6237,1.0041,0.07766,0.9367,6.3485,5.3795,1.8252,1.7042,2.1811,1.4035,4.8885,0.1919
3.5381,2.3013,1.1565,3.0387,1.2901,4.6729,1.9956,0.6852,0.4723,1.1833,1.4452,3.3518,1.8102,1.3689,1.707,1.1923,6.9156,6.1828,1.8725,2.4072,2.9182,2.5062,5.118,2.5859
4.7362,0.5085,0.3956,4.2032,0.01577,3.2961,0,0.501,0.3383,0.3957,0.5333,5.29,0.6016,0.9729,0.2974,0.1104,5.3406,5.165,1.3903,0.1405,1.467,0.6555,3.6049,0.4953
3.2699,1.3307,1.4609,1.541,2.3549,2.8926,0.01683,2.2086,1.5609,0.8543,0.4005,2.3347,0.9908,1.1686,0.3258,0.2198,6.2262,4.345,1.8998,0.4841,1.5289,0.9572,2.622,1.9609
4.7147,0.887,1.5313,0.9345,0.842,4.2414,0.1213,1.6295,1.3948,0.1666,0.1788,1.8762,0.9013,2.6605,0.7694,0.4093,4.8996,4.8403,1.5374,0.2001,1.8779,0.2963,3.252,1.2065
3.252,0.6896,1.508,0.528,1.0886,2.6162,0.7935,0.2671,0.8549,0.6137,0.1837,1.0343,0.501,0.4426,0.142,0.396,6.6738,4.0304,1.8703,0.4858,0.8336,0.8046,2.833,1.581
1.904,0.2968,0.6145,2.8866,0.06366,2.7183,0.117,0.4631,0.1084,0.1742,0.3121,4.1038,0.3628,0.2558,0.01134,0.1695,NA,3.9079,1.4977,0.9837,0.3495,0.5648,3.336,0.3671
3.1534,0.9333,0.6917,0.4856,0.8885,4.3124,0.6987,0,0.03488,0.3997,0.1889,1.3958,0,0.2972,0.6293,0.09389,3.6015,6.84,0.09803,0.1978,0.9299,0.2381,3.6358,0.1063
4.5708,0.8462,0.2935,3.4602,0,2.8504,0,0.727,0.3964,0.6314,0.09546,4.0762,0.072,0.5705,0.07258,0.1413,3.4582,4.7692,1.9905,0.4936,2.2049,0.482,2.9714,0.4307
2.2591,0.3216,0.4466,0,0.3913,1.8003,0.0583,2.0923,0.4367,0.2542,0.3606,0.8609,0.1033,0.1563,0.01486,0,4.5514,3.9406,1.3031,0.6127,1.1837,0.4459,2.9929,0.2029
4.0967,0.6409,1.0565,0.3024,0.532,4.2914,0.2157,0.07678,1.0963,0.6021,0.08894,1.0265,0,1.0091,0.4074,0.1871,6.193,5.1246,1.7808,0.9127,0.7201,1.1174,4.034,0.8507
2.7475,1.0259,1.6191,0.623,0.03859,2.3485,0.2392,1.05,0.6579,0.2676,0.6969,0.3681,0.2611,0.8049,0.1321,0.7003,2.7268,3.3768,1.5302,0.7517,1.112,0.2215,2.4824,0.9599
1.3862,0.4298,0.8493,0.7329,0.1429,1.8955,0.1184,0.4272,0.3303,0.02441,0.1494,0.9977,0.0811,0,0,0.02867,3.0491,3.2763,0.7466,0.3679,0.666,0.3697,1.9364,0.4626
2.0471,0.508,1.9162,0.3445,0.8693,2.6997,0.301,0.1956,0.8776,0.1559,0.5722,0.5565,0.1509,0.3415,0.2041,NA,2.0493,4.7984,2.134,0.7373,0.7926,0.6268,3.5208,NA
2.6965,1.1795,0.3353,1.7805,0.7472,5.5533,1.3994,0.5791,0.7179,0.8608,0.7109,2.4864,1.6728,1.0946,0.7028,0.5583,6.9777,5.9228,2.289,1.325,2.3245,1.9616,5.2524,0.77
2.6454,0.7637,0.07896,3.4009,0.8033,3.9479,1.0578,0.6745,0.3472,0.4948,0.5038,4.5666,0.4643,1.3834,1.3855,0.3729,5.4592,6.1262,3.1639,1.1751,1.5481,1.3363,3.9765,0.4324
2.5398,0.6726,0.3172,0.1024,0,NA,0.1234,0.9634,0.005816,0.12,0.1132,0.2984,0.5391,0.05595,0.5316,0,5.7467,4.2803,0.01284,0.2461,0.04795,0.3664,3.0622,1.4536
3.4803,1.5713,1.669,3.4381,1.0194,2.7868,0.06966,0.2337,1.0355,0.3683,0.6172,4.8153,0.8133,0.8964,0.3393,0.1131,4.0096,4.357,0.9657,0.5173,1.1405,0.647,2.4189,1.9639
4.3483,0.6478,0.9077,1.2338,0.4879,3.4648,0.5476,2.2368,0.7534,0.01959,0.07107,2.1915,0.03994,0.8512,0.2903,0.2345,5.8073,3.6862,2.1313,0.1145,0.9404,0.2957,3.1664,0.7822
2.6612,0.7045,0.7926,1.4602,0.494,1.7691,0.1511,0.3004,0.6503,0.6639,0.3671,2.8214,0.2123,0.5411,0.09142,0.09336,3.9711,3.5197,0.688,0.4002,1.5515,0.4505,1.7677,0.3849
3.2431,1.0935,1.4284,2.0182,0.5347,3.5233,0,0,0.6474,0.2589,0.4299,3.0873,0.1536,0.975,0.2858,0.1674,5.4204,4.0085,0.7633,0.7027,0.773,0.408,3.3451,1.2371
2.4817,1.3212,0.9396,1.4749,0.0789,NA,0.405,0.6972,0.2098,NA,0.4023,2.216,NA,0.4002,0.6979,0.2355,3.2911,3.9954,NA,0.4794,1.4907,0.6359,2.263,0.9198
4.4138,1.5768,3.3372,1.2008,3.7177,NA,1.3271,0.8567,1.6271,NA,0.09898,1.4392,NA,0.5781,1.0704,0.3088,6.7585,4.1845,NA,0.4259,1.7777,1.1328,3.389,3.3291
2.0787,0.4745,1.6719,0.2844,0.5852,1.9126,0.02175,0.1617,0.3291,0.3649,0.4157,0,0.01016,0.1819,0.01305,0.1995,4.2393,3.2379,1.2956,0.4568,0.9641,0.5543,1.5711,0.8141
3.259,0.7562,1.7467,0.2601,1.171,NA,0,0.5354,0.35,0.5337,0.2595,0.8899,0.6917,1.1214,0.8396,0.484,7.1858,5.5938,3.2177,0.06782,1.406,1.5483,4.1862,2.6843
4.3709,0.6571,1.1932,1.5048,0.5614,3.4797,0,0.2971,0.7236,0.1723,0.3042,2.5158,0.07151,0.4587,0.0112,0.4061,5.4913,3.7359,1.8609,0.6839,0.8173,0.8821,2.5477,1.4442
3.7247,1.175,1.4521,3.606,0.3102,2.0877,0,0.2142,0.43,0.221,0.2626,4.299,0.4232,0.5456,0.3306,0.6814,5.3968,4.0222,1.7126,0.06274,1.4209,0.92,0.9304,1.5834
3.0683,0.8059,0.8084,1.0042,0.2714,2.1066,0.2201,0.1425,0.5183,0.3275,0,2.4655,0.4778,0.494,0,0.01353,4.3007,3.8702,1.4062,0.3679,1.2743,0.6624,2.2588,0.4785
4.0595,0.6843,0.8137,0.8398,0.3737,2.4007,0,0.4128,1.2112,0.8893,1.0226,1.2975,0.8374,0.9598,0.1747,0.2036,5.357,4.822,2.0258,0.4683,0.5653,0.9898,1.2708,0.6968
3.4967,0.5187,0.1458,2.4693,0.2199,NA,0.543,0.3796,0.05786,NA,0.2706,3.0172,NA,0.04047,0.7477,0.07306,5.7164,4.1128,NA,0.2279,0.8693,0.2996,2.709,0.4477
3.341,1.5339,0.6628,3.5502,0.7446,NA,0.243,0.7079,0.4053,NA,0.3865,3.7813,NA,0.3333,0.9048,0.6036,5.2985,4.2756,NA,0.5314,1.2875,1.0263,1.2569,0.2302
1.9767,0.4082,0.0146,0.2204,0.218,NA,0.3786,0.0443,0.3515,0.3417,0.5263,0.5314,0.2033,0.02249,0.4254,0.121,6.0218,4.1707,0.5103,0.03069,0.1373,0.3131,3.4747,0.8993
4.2745,1.6448,0.8706,2.5031,0.1262,NA,0.3171,0.6438,0.195,NA,0.3467,2.6177,0.002948,0.7359,0.635,0.1876,5.9449,5.2349,1.5202,0.4051,1.4087,0.4683,2.7238,1.474
3.0737,0.8788,0.00713,0.04644,0.1718,NA,1.0459,1.5628,0.4909,0.577,0.573,0,0.7898,0.8942,0.4732,0.8706,6.7887,4.9712,NA,0.4783,1.1366,1.3379,4.3275,0.08253
1.4162,1.5338,2.1467,1.7254,0.4351,NA,0.03254,0.1773,0.717,0.08913,0.2647,1.5846,0.01805,0.3046,0.3157,0.5411,4.5754,4.1861,0.4918,0.1891,0.9959,0.7177,3.4388,2.0009
4.175,0.675,0,1.0537,0.2999,2.9952,0.3502,0.3965,0.306,0.3106,0.2795,1.1637,0.1348,0.498,0.002634,0.1812,6.7642,4.4865,1.7063,0.03211,0.873,1.0698,2.7835,0.4954
3.202,0.4693,0.06091,NA,0,NA,0.01935,NA,0.03182,0,0,0.6165,0.0986,0.005164,NA,0.482,5.9558,3.3784,0.4206,0.07522,0.07675,0.2032,1.2569,0.878
4.4812,0.8444,0.6394,2.2005,0.06025,3.213,0.2558,0.2353,0.302,0.5761,0.6938,3.2954,0.6835,0.9374,0.47,0.9622,6.6097,4.4547,1.7043,0.8653,1.6675,0.7962,3.5301,0.876
3.2136,1.2066,1.6957,2.7961,1.5385,2.1034,0.3091,0.1315,1.3016,0.479,0.6145,3.5574,0.5663,0.8308,0,0.228,6.095,4.9122,2.0185,0.1355,1.0425,1.3047,1.9966,1.5608
5.8391,0.9825,0.8065,1.1178,0.172,NA,0.217,0.5193,0.212,NA,0.2262,1.5961,NA,0.9346,0.7986,0.54,6.9914,4.7622,1.3954,0.1968,1.0404,0.6471,3.4621,1.2281
3.1359,1.8775,1.0333,0.6701,0.6156,5.2731,0.9611,0.8364,1.2147,1.0203,1.1439,0.4658,2.1229,1.1405,0.5896,0.2035,6.4498,5.8744,1.9536,1.1083,2.4255,1.8524,5.2886,0.9664
4.3543,2.1877,1.0985,1.6626,0.3784,3.78,0.02406,0.3585,0.7505,0.2699,0.6725,3.0522,0.5327,1.2498,0.1706,0.02544,6.9774,4.9117,0.9746,0.6547,2.9431,2.3504,4.3472,1.3419
4.2034,1.0211,3.5666,1.6026,1.6683,3.1885,0.4634,1.7115,1.889,0.7336,1.0192,2.4741,1.7181,0.8884,1.0759,0.3804,6.3166,4.7139,1.4049,0.9329,2.2436,2.1163,2.83,2.5269
4.0161,0.329,0,2.5274,0.05907,1.1385,0.1654,0.1933,0.1602,0.2469,0.7626,4.4939,1.0254,0.3367,0.2618,2.1201,3.8473,4.0976,1.518,0,0.3535,0.7289,1.22,1.3958
2.9737,1.8071,1.2774,0.2236,0.2072,3.7048,0.4832,0.3765,0.5612,1.0258,0.2842,0.104,0.1887,0.8489,0,0.2537,6.0694,4.3266,1.8359,0.4878,1.6125,1.49,3.5564,0.6431
2.6699,0.6521,0.04244,0.5487,0.1555,3.3657,0.024,0.3379,0.2793,0.5386,0.5119,0.9161,0.02076,0.8519,0.2232,0.1305,6.4903,4.3195,0.5404,0.539,0.6623,1.0095,3.162,0.1834
3.4438,1.0551,1.6172,1.7235,2.0435,2.5283,0.07285,1.2494,1.7113,0.196,0.272,2.4202,0.6056,0.3951,0.1211,0.2984,6.5622,4.1539,1.258,0.6011,1.2242,1.5668,2.157,1.8441
4.46,NA,1.1035,0.494,NA,NA,0.1254,1.593,1.1151,NA,0.5353,1.3214,0.5614,0.3788,0.7471,0.3717,6.8063,NA,1.4881,0.3316,0.9235,0.5498,3.3078,2.5074
4.7346,1.2564,1.3741,1.6772,2.1038,NA,0.2541,1.1435,1.1401,NA,0.1992,2.6857,NA,0.4683,1.1941,0.2032,5.2099,5.3576,1.5306,0.2901,0.4782,0.7652,2.3581,2.7298
2.7719,0.9526,0.5959,0.2737,0.07066,3.7926,0.05543,0.2755,0.3474,0.5877,0.08125,1.0433,0.4761,0.4382,0,0.2292,4.6195,4.1631,1.8753,0.5917,1.3627,1.4397,4.3635,0.5404
3.2674,0.9258,0.4257,0.466,0.1438,2.844,0.05788,0.2531,0.4123,0.2989,0.2025,0.6552,0.1626,0.8342,0.4697,0.2133,4.5241,3.2886,1.337,0.2399,1.0372,0.9636,3.0484,0.1916
2.8494,0.4969,0.4559,0.04748,0.1529,1.4957,0.02568,0.8402,0.2517,0.4446,0.129,0.2473,0,0.2376,0.0805,0.1525,5.5243,3.9183,1.0873,0.6857,0.6445,0.3967,1.5113,0.07919
3.0618,0.1697,0.2412,0.2575,0.2221,1.4702,0.1699,0.4285,0.2586,0.2396,0.252,0.6498,0,0.604,0,0.1171,3.8193,4.1427,0.4491,0.04803,0.5531,0.576,0.7999,0.4023
4.1762,2.8203,3.1197,6.4934,1.9143,5.4087,2.5181,1.1165,1.3094,2.294,2.9584,7.3807,2.9168,1.9859,1.5314,5.2178,7.4525,6.2273,3.8609,2.421,3.3125,2.4769,5.3778,1.5623
2.3687,2.8915,1.0497,1.7358,0.1907,4.8066,1.2502,0.6322,0.5922,1.172,0.8092,3.3683,1.6616,1.0319,0.4474,0.1373,5.5779,4.7345,2.1238,1.1921,2.6995,1.5244,4.5036,1.3277
3.2033,1.5288,1.3996,0.833,0.4775,NA,0.2222,0.6123,0.3625,NA,1.339,1.746,0.6593,0.6386,0.5401,0,5.3659,4.1913,1.1671,0.9267,1.2566,0.5718,3.5615,0.984
3.3439,0.7471,0.4847,0,0.6481,4.3951,0.04103,0.2658,2.9047,0.3601,0.0506,0.04932,0,0,0.2668,0.19,5.046,5.2138,1.4072,0.7789,0.0109,0.396,4.2169,0.6819
3.9465,1.1108,1.7353,2.6927,0.7601,NA,1.0297,0.466,1.0674,1.199,0.5605,3.5121,0.16,0.8491,0.2464,0.4569,2.6585,3.4435,1.0695,0.448,2.2025,0.7474,2.2109,1.6106
2.7715,1.9883,1.0395,0.7745,0.8541,5.3432,0.9015,0.3386,0.3363,0.6998,0.21,0,0.5761,1.0904,0.1814,1.0572,6.7784,5.2424,2.7301,0.5736,2.3471,1.6445,5.0616,1.3934
1.9799,0.8338,0,1.2855,0.3647,1.9584,0,0.3588,0.1027,0.1774,0.8066,1.683,0.3311,0.3791,0.005834,0.4923,4.968,3.5627,2.3493,0.3457,0.4886,1.1864,1.9181,0.2105
3.9869,1.8429,1.0581,1.6815,1.0627,NA,NA,2.3205,0.9194,NA,1.5613,2.158,NA,1.9054,1.4862,0.7352,5.2374,4.5119,NA,0.3121,1.7813,1.636,3.7843,1.4378
4.1513,1.1,1.7584,1.4771,0.5373,2.8009,0.1226,1.6585,0.7137,0.2903,0.7127,2.4447,0.8757,0.7572,1.0882,0.5841,4.591,4.0676,2.0361,0.02507,1.8224,1.5633,3.1782,1.5185
3.5284,1.1943,0.514,2.0305,0.1272,2.8192,0,0.795,0.3248,0.5484,0.3876,2.8012,0.1802,0.3011,0.2063,1.0325,3.0234,3.9406,1.1696,0.06075,1.0744,0.339,1.972,0.8517
1.6956,0.4842,0,3.251,0,1.6605,0,0.01642,0.027,0.2941,0.04694,4.6005,0.01621,0.1049,0.23,0.0465,3.9556,3.2337,1.63,0.4895,0.267,0.1669,1.2816,0.1765
2.3166,0.9608,0.3513,0.8945,0.1344,1.848,0.3232,0.9024,0.5777,0.5639,0.4347,0.6448,0.002502,0.8366,0.3766,0.4061,4.1256,4.2725,0.9376,0.09934,1.0295,0.6211,1.2612,1.5222
1.6628,1.3453,0.2502,2.9562,0.4067,3.1361,0.07814,1.3178,0.03464,0.4471,0.9531,4.2166,0.3079,0.273,0.2392,2.0478,4.9196,4.3233,3.0013,0.9226,0.8215,0.6991,2.5007,0.2841
4.0054,1.921,2.5709,0.8823,2.3791,NA,NA,2.5655,2.0259,NA,1.4989,2.3037,NA,1.3051,1.9638,1.0515,4.9906,4.3314,NA,0.5808,2.4285,1.6466,3.7728,2.0888
3.3913,1.0993,1.6679,1.3523,1.4542,1.9241,0.1733,0.5493,1.2505,0.5101,0.1509,2.1132,0.5401,0.6414,0.6933,0.3525,6.3364,4.3589,2.9091,0.9437,0.92,1.0196,2.4981,1.3733
2.5368,1.1907,0.3985,3.1582,0.03266,NA,0.4597,0.5947,0.08355,NA,0.3259,3.5526,0.8092,1.1172,0.09334,0.07928,5.2472,5.2683,NA,0.3163,1.356,0.2845,3.1954,0.9418
2.2439,1.5323,0.4317,1.5398,0.2446,3.6462,0.7336,0.2685,0.1607,0.5456,0.4808,2.5482,2.048,0.9918,0.1546,0.0524,5.9311,5.538,0.6933,0.3857,2.2338,0.7715,4.1463,0.7462
2.942,1.9651,1.5357,0.7211,0.04943,NA,0.7382,0.7765,0.1598,NA,0.2146,0.2465,0.8865,1.2322,0.4223,0.1446,5.864,5.6735,0.6303,0.154,1.5215,0.986,3.8043,1.1118
2.6195,2.0128,1.3394,1.8228,0.4157,NA,1.0696,0.6466,0.3646,NA,0.4112,1.9218,NA,0.4837,0.7685,0.2167,3.4138,4.3873,1.5365,0.5742,2.8196,0.7739,1.3133,1.5356
3.3319,2.7443,1.0388,0.5364,0.5904,NA,0.2392,0.9145,0.5023,1.0504,1.3029,1.1063,1.0097,1.827,0.5025,0.8964,4.8643,5.1937,1.9759,1.011,3.3946,1.2916,2.8988,1.1326
2.3103,0.5344,1.1181,0.334,0.6147,2.4994,0,2.6683,0.8272,0.1564,0.5764,0.519,0.06216,0.02451,0.1467,0.3349,5.0501,3.3944,1.9759,0.4214,0.7187,0.7958,2.0795,0.9297
3.6265,0.497,1.0556,1.1646,0.7714,2.0173,0.8261,0.4892,0.5455,0.3269,0.4692,1.1151,0.1502,0.2154,0.6993,0.2797,5.7321,3.9169,2.4101,0.4755,0.5714,0.8186,2.5829,1.8526
5.2263,0.8653,0.4442,0.4836,0.4495,NA,0.8722,0.4422,1.2279,1.2124,0.211,1.0717,0.7249,1.1576,0.5331,0.6333,7.5435,4.804,2.3484,1.1606,3.0305,2.867,3.5655,2.4009
2.0055,0.6863,0.943,1.7,0.9051,NA,0.1374,0.2302,0.1451,0.2845,0.2442,1.3371,0.4209,0.2485,1.2067,0.3584,4.6237,4.3852,0.837,0.04995,1.0013,0.3053,1.3273,0.9908
4.5573,0.9688,0.6094,1.9704,0.3576,NA,0.3243,0.1107,0.4886,0.566,1.27,3.7711,1.044,0.826,0,0.1584,4.8994,4.0105,1.8226,0.8939,1.4561,1.0972,3.6574,0.3717
3.05,1.0149,1.0306,0.4998,0.8118,NA,0.4401,0.8547,0.8222,NA,0.9645,0.8845,NA,0.8758,1.5203,1.2764,4.7368,3.7306,NA,0.7339,0.8824,0.3967,1.0026,0.6723
2.5308,0.5915,0.6213,1.4041,0.01824,NA,1.342,1.5732,0.2801,NA,0.8702,2.4054,NA,0.9383,0.5687,0.7115,6.988,4.3922,1.397,0.7151,1.9352,1.0815,3.618,0.7031
2.0606,0.1276,0.04521,0.3714,0,NA,0.5282,0.7057,0.2067,0.08987,0.1352,0.3718,0.5886,0.4193,0.8206,0.1018,4.9445,3.1265,0.6721,0.06403,0.2347,0.3549,0.8919,0.2162
1.5499,0.8843,0.6314,0.2108,0.3379,1.6665,0,0.4588,0.1797,0.278,0.4246,0.7212,0,0.2711,0.05912,0.3743,1.808,3.3569,0.8266,0.5036,0.3874,0.2176,1.3044,1.1332
3.9646,1.4655,0.6638,0.9279,0.6863,NA,0.4492,2.3149,0.8682,NA,0.8932,0.9657,NA,0.7115,1.0051,0.6943,5,3.7899,1.972,1.0406,0.914,1.0832,2.5168,0.6495
2.7511,0.8231,1.326,1.3236,0.4618,NA,0,1.2177,0.2618,0.1011,0.542,1.8779,0.4366,0.5398,0.3268,0.05934,3.9497,3.2683,0.8695,0.6656,1.3696,0.272,2.2119,0.8732
4.1275,1.0544,1.9154,0.9389,0.9531,NA,0.4788,3.2487,0.6781,NA,0.06167,1.1333,NA,0.06157,1.4825,0.5213,4.5905,4.9539,NA,0.6838,0.7909,1.0249,2.0749,2.2652
2.4711,0.7582,0.3333,0.616,0.1866,NA,0.01013,0.9071,0.09048,NA,0.148,0.7627,0,0.2915,0.2854,0.2061,4.1376,3.8365,1.1501,0.2178,0.2885,0.1613,3.0704,0.5285
3.8928,1.0192,0.4912,0.4243,0.06596,3.1957,1.2785,0.186,0.7992,0.3176,0.0689,1.8426,1.3344,0.8983,0.06698,0,7.2354,5.3984,0.838,0.01542,1.2132,1.3126,4.0743,1.9595
3.7258,1.7337,3.6068,1.7324,1.0076,4.9707,1.3882,1.8018,1.2882,1.4978,1.9194,0.6981,2.4962,2.013,2.5702,1.988,6.9533,5.8489,1.5231,1.8441,2.3917,1.9076,5.315,2.2708
2.238,1.1025,1.7767,0.5246,0.3886,4.2453,3.2609,1.2349,1.4096,1.2999,0.2678,0.8526,1.8035,1.2027,2.0272,1.3646,7.4814,6.1489,1.4077,0.8653,1.2094,1.5187,4.0341,1.5809
4.1173,1.6451,1.196,1.5696,0.689,5.546,1.2041,1.3083,0.9553,1.3969,0.7898,1.5111,2.4264,1.3599,1.3604,1.6986,6.7813,6.3157,1.7772,1.6194,1.7707,1.2434,5.4439,1.6841
2.3478,0.9113,1.011,2.0782,0.9399,3.4227,0.05559,0.2473,0.1841,0.05218,0.2685,3.014,0.3509,0.2423,0.2108,0.2664,3.2842,3.1656,1.8839,0.6344,0.9789,0.9148,3.5594,0.7193
4.1261,0.1908,0,1.0256,0,5.0054,0.3893,3.1432,0,0.1514,0.312,1.5185,0.7352,1.7536,0.5715,0.1102,7.6077,5.489,0.5358,0.04683,4.0199,0.08662,4.3541,0.3674
2.5547,0.8588,0.5452,0.02767,0.3717,NA,0.01857,0.5272,0.2321,0.6136,0.4434,0.4635,0.4662,0.2455,0.1771,0.3396,5.2309,4.1072,0.2498,0.05822,0.6526,0.1683,4.3655,1.0916
2.8038,0.09182,0.2863,0,0.1109,NA,0.3489,0.02371,0.7047,0.6276,0,0.03729,0.1536,0.2437,0.03335,0.4742,4.9997,2.9392,1.2931,0.0797,0.5267,0.8459,0.777,0.2384
2.6201,1.2973,1.3076,1.669,0.08464,3.0324,0.07391,1.2443,0.1266,0.6314,0.7121,2.2362,0.2713,0.7189,0.8502,0.5061,4.1891,3.5354,1.3744,0.3072,0.818,0.1423,3.209,0.9662
3.1215,0.7213,0.5077,0.9301,0.1981,2.646,0.02045,0.3225,0.3409,0.149,0.5273,1.3756,0.4901,0.6467,0.2262,0.414,5.3868,4.4823,1.5052,0.3081,1.8519,0.8432,2.2859,0.6321
4.141,1.4761,2.5102,2.4436,0.3159,NA,0.349,0.4361,0.9209,NA,0.3706,3.5422,0.4307,0.5491,0.7279,1.6968,5.1654,4.3976,1.7389,0.8551,1.3905,0.653,3.6728,1.4917
2.0416,1.3222,0.6893,0.9396,0.3446,NA,0.2926,0.517,0.3101,NA,0.4564,1.3967,NA,0.6794,0.4133,0.4281,3.8372,3.9544,NA,0.3386,1.4503,1.0356,4.6127,0.5897
3.9558,1.0457,1.3081,1.5884,0.5871,NA,0.02302,0.1944,0.8197,0.7679,1.2615,2.9671,0.3129,1.0859,0.06233,0.6876,4.7138,3.6605,1.7576,0.06581,1.7119,0.8337,4.2077,0.6381
4.3652,1.9928,1.1138,2.9688,1.0355,2.8655,0.2892,1.6262,1.8469,0.2939,0.2976,4.8714,1.0767,0.9122,0.2497,0.1555,5.8697,5.1316,0.7067,0.003239,2.2255,0.6138,4.7006,1.5593
2.2298,1.4152,0.1153,2.2851,0.2869,2.3517,0.0563,0.07069,0.2645,0.09498,0.6109,3.2477,0.1182,0.3502,0,0.08871,3.6134,3.7592,1.3007,0.3728,0.995,0.9111,2.9514,0.5891
5.8824,2.1955,1.6492,4.7855,2.558,4.33,0.9012,0.4682,2.7696,0.3872,1.0407,5.322,1.7552,0.8926,0.131,0,6.6415,4.6508,1.1192,0.5355,3.1949,1.5286,4.0017,2.9371
4.6507,0.4121,1.5267,0.3181,0.3561,3.4352,0,0.8646,0.219,1.0923,0.9223,1.3252,0.2898,0.4107,0.1384,0.632,5.6305,4.3588,1.8535,1.8088,1.35,2.145,3.4254,2.0944
4.962,1.4577,0.09312,3.5274,0,3.6838,0,0.06866,0,0.1627,0.4372,4.7172,0.7942,1.122,0,0.09719,6.0438,4.822,1.2912,0.4125,1.9704,1.0755,3.5414,1.2619
2.995,1.1134,0.23,1.8812,0.9057,2.3722,0.001849,0.9118,0.6584,0.2467,0.7854,2.6984,0.2847,0.3069,0.3776,0.1303,5.5322,3.3299,0.5686,0.1231,1.36,1.1861,1.975,0.5018
2.5565,0.3003,0.3648,0.3037,0.1385,NA,0.03436,0.5001,0.4217,0.3543,0.3107,1.1128,0.4161,0.5228,0.09265,0.01962,4.5352,1.8786,0.6137,0.4596,0.4458,0.464,1.0695,0.2478
3.6966,0.7722,1.5531,1.535,0.8934,4.5191,0.424,0.6445,0.416,0.1709,0.8099,2.6029,0.5323,0.9083,0.4776,0.9257,5.7734,4.441,2.9719,0.5063,1.8013,1.8003,3.6724,1.8852
4.9033,0.181,0.03668,1.1293,0.3811,1.4788,0,1.1762,0.54,0.0999,0.2688,2.1718,0.2516,0.2702,0.3635,0.1352,4.1385,3.879,1.5229,0,0.07138,0.4728,0.8203,1.3912
1.4674,0.924,0.5592,0.6917,0.1791,NA,0.4164,0.9794,0.5727,0.5094,0.4176,0.004786,0.5315,0.3487,0.3123,0.04939,3.3375,4.3607,1.4747,0.427,0.3381,0.4691,1.9885,0.3955
2.5327,1.1858,1.0293,1.568,1.0015,2.2281,0.5854,0.3676,0.2998,0.7187,1.0549,2.1085,0.8757,0.8613,0.4742,0.5119,4.1065,3.9686,0.8543,0.614,2.3855,0.007705,1.1731,1.563
2.537,1.137,1.4143,0.8136,0.5313,0.8403,0.02585,0.2173,0.3194,0.4823,0.5323,0.8449,0.4777,0.238,0.05954,0.6113,4.9955,2.8925,1.4113,1.0637,1.2075,1.8327,1.2564,1.1189
1.9739,0.425,0.02867,0.01673,0,3.5768,0,0.1439,0,0,0.05201,0,0,0.6631,0,0.04168,6.8648,4.6377,0.2494,0.007735,0.5449,0.8521,3.7927,0.3741
4.4105,0.1999,0.08578,0,0.06454,2.4115,0,0.2682,0,0.3292,0,0.1675,0.168,0.1913,0.5486,0.1503,5.7387,4.3885,0.7076,0.01622,0.9076,0.6665,2.2101,0.1873
3.3987,1.7103,1.9288,0.3205,2.0088,NA,NA,0.7138,2.2305,NA,1.2078,1.4826,NA,0.9517,0.7925,NA,7.3115,3.5976,NA,0.5301,1.9404,1.6287,4.7553,NA
4.0282,1.4669,2.4415,2.7173,1.677,NA,1.6058,1.8206,1.4963,NA,0.8088,2.8683,NA,0.429,1.7902,1.5586,6.4203,4.4379,NA,0.4139,0.8225,1.5784,3.6344,2.5189
3.9523,0.8829,1.0441,1.114,0.8417,NA,0.08494,0.533,0.7076,NA,0.4281,1.0105,NA,0.4085,0.6178,0.3786,4.1517,5.0321,NA,0.2454,1.3627,0.7009,2.8467,0.756
3.0955,0.4191,0.5912,0.6396,0.23,NA,0,0.7896,0.486,NA,0.3958,0.753,NA,0.2186,0.3795,0.06209,5.4258,3.463,NA,0.2589,0.2672,0.4487,3.692,0.6572
5.1812,1.4793,2.941,2.5837,1.7201,4.4324,0.2427,1.0236,3.4461,1.5507,1.4265,2.7097,1.6558,1.7104,0.9109,0.03409,6.7285,5.0969,2.4682,0.9072,2.1155,1.1019,4.4021,2.4806
4.2666,1.0772,1.9496,0.8854,0.9259,3.8206,0.7058,0.4993,1.265,0.6286,0.4344,0.9762,0.0816,0.3303,0.1003,0.4148,6.6468,4.0263,1.3055,0.6806,1.8908,0.8313,4.0447,1.2997
3.0622,1.0587,1.3929,0.6637,0.08303,2.7288,0.5282,0.9819,0.6323,0.8952,0.8192,0.3764,0.7225,0.6441,0.5715,0.8197,4.0307,3.5077,0.67,0,1.8601,0.4795,2.0667,1.2521
1.2479,0.6413,0.002277,0.05558,0.01286,NA,0,0.02943,0.02839,0,0,0.283,0.3478,0.03364,0.01955,0,2.3948,4.2588,0.09724,0.02052,0,0.09438,4.0031,0.2589
2.6725,0.4272,1.8421,0.09705,0.8777,3.8142,0.2808,0.1064,0.4868,0.4922,0.6416,0.8026,0.7611,0.6993,0.3554,0.05898,6.2674,4.3584,1.6093,0.9695,1.4665,1.1542,3.9431,1.1847
3.9631,0.4566,1.6485,1.2785,0.8857,2.6233,0.2344,0.9197,0.5477,0.1506,0.3815,1.3425,0.1943,0.415,0.3605,0.6667,5.0367,3.7608,3.3561,1.0759,1.3244,1.7314,2.732,0.9598
3.9975,1.7747,1.3733,3.1457,0.8222,3.5752,0.7502,2.0894,0.4612,0.8678,0.2607,4.2844,1.3716,0.6655,0.1429,0.1878,6.6567,4.9275,3.237,0.5484,2.1649,1.4124,3.3499,0.7074
3.7232,1.0867,0.8178,0.6276,0.2076,3.7963,0.1057,1.2606,0.5639,0.1484,0,1.6836,0.4732,0.7577,0.08034,0.1161,5.115,4.6765,1.3677,0.5322,1.0603,0.6974,3.4346,1.2291
3.4405,0.5336,0.1566,0.1341,0.05681,3.0109,0.03038,0.8719,0.04566,0.04546,0.2094,0.3997,0.3849,0.4299,0,0.09208,4.7636,4.1269,1.1127,0.2384,1.1033,0.712,2.8569,0.8528
4.6678,1.5148,1.3457,1.2003,0.4888,2.6425,1.163,0.3309,0.7341,0.6846,1.0122,1.683,0.3956,1.0034,0.2498,0.6723,5.1548,5.1185,1.249,0.5541,1.324,0.8411,2.6347,2.1597
3.4931,0.3154,0.03487,0.4738,0.07387,1.4987,0.002326,0.2053,0.5471,0.2714,0.4944,1.3091,0.6737,0.8907,0.443,0.02147,4.303,3.4181,1.4162,0.2031,0.5188,0.477,1.6427,0.2363
4.6603,0.8519,0.5793,1.1403,0.5495,3.6217,1.3464,0.2883,0.3857,0.5501,0.2506,1.5143,1.0682,0.5069,0.7796,0.3454,7.4369,5.0159,1.2268,0.7181,0.5798,0.7747,3.5634,0.8458
2.2128,0.5798,0.3102,2.9813,0,NA,0.1982,0.2906,0.01452,NA,0.4674,4.2295,NA,0.1327,0.2647,2.0796,3.6187,4.057,1.2821,0.3558,0.4377,0.3173,2.1144,0.9322
4.5286,0.868,1.0493,3.9363,0.6873,NA,NA,0.913,0.565,NA,1.1217,4.916,NA,0.7375,0.8429,3.0249,5.3255,4.6762,2.0133,0.398,1.354,0.7377,3.8193,0.6134
3.1346,0.3992,0.6199,0.9361,0.4433,1.7327,0.06187,0.1302,1.3183,0.7207,0.3032,1.0812,0.3588,0.05788,0.1242,0,4.0004,3.7262,0.7273,0.2783,0.6884,0.008233,1.3378,0.8307
3.2913,0.065,0.706,0.5331,0,2.6212,0,0.5511,0,0.1194,0.2972,0.9588,0.3181,0.1958,0.1439,0.2678,5.4626,3.3849,0.4746,0.2574,0.2892,0.3319,2.4369,0.9404
0.4375,2.4276,1.4463,0.03365,0.194,2.9569,0.1883,1.3674,1.3765,0.8637,0.1633,0,0.09552,1.7715,0.8209,0.01988,1.0722,5.963,0.4277,0.9115,1.284,0.9487,0.233,1.8442
2.3024,1.31,1.8178,1.3659,0.9017,1.3083,0.7546,0.3024,0.532,0.0939,0.3594,1.8358,0.6809,0.6149,0.1233,0.4771,3.9578,3.8161,1.7293,0.8126,1.457,1.1723,2.0667,1.3906
3.7538,0.1716,0.04944,1.5979,0.1035,NA,0.255,1.8514,0.1087,NA,0.1188,2.0602,NA,0,0.3838,0.691,3.5617,3.3891,0.5653,0.3239,0.07927,0.2933,0.8829,0.8184
3.7607,0.7741,1.2506,2.9523,0.6819,2.4335,0.3853,0.8199,0.394,0.9846,1.0335,3.8317,1.0667,0.3513,0.6148,1.9707,4.8909,3.5298,2.7048,1.0246,1.0123,1.1025,3.0344,0.9963
5.5988,0.408,0,3.4457,0.08816,NA,0.1337,0.1912,0.1532,NA,0.7351,4.8727,NA,0.6252,0.1215,1.5993,4.0908,4.9417,1.965,0.1223,0.4785,0.6291,3.3541,1.2894
5.6352,1.2364,0.8811,2.07,0.07185,4.4759,0.7809,1.8878,0.6875,0.708,0.862,3.0477,1.4922,0.6696,0.8487,1.3967,5.6275,4.05,2.3233,0.1739,0.9968,1.1986,3.6274,1.3319
4.5972,1.6441,0.5142,4.1904,0.242,3.6776,0.2364,0.1151,0.1094,0.6898,0.6133,6.2069,0.5886,0.5136,0.1746,3.4382,5.0682,4.2388,2.9728,0.7236,0.6657,1.1354,2.8429,0.7113
3.9403,2.3048,2.4621,4.8064,0.981,2.4694,0.6315,1.3679,2.28,1.9258,1.6994,6.3027,3.2376,1.5978,1.3292,3.138,5.6824,4.4884,3.6745,1.4692,3.2014,1.7524,2.8592,2.2778
2.8308,0.5376,1.6499,0.8278,0.07841,1.8817,0.5167,0.5146,0,0.4998,0.1102,0.8524,0.672,0.5306,0.0179,0.241,5.5701,4.1169,NA,0.2007,0.7847,0.6228,1.3881,0.4073
4.4719,1.2285,1.1688,0.7315,1.1717,NA,0.8005,1.0596,0.4156,NA,1.013,1.5942,NA,0.5818,1.1176,0.5641,4.4743,4.6473,0.5897,0.8454,0.6762,0.8432,3.5125,1.1891
2.3161,0.1118,0,0.04301,0.03998,1.6931,0,0.2425,3.0902,0.3953,0.08222,0,0.06974,0.04209,0.2342,0.02117,2.1929,4.2563,1.5955,0.7984,0.3207,1.1268,0.02054,0.4616
2.8089,1.6792,0.6744,0.3814,0.2241,2.7471,0.6825,0.3027,0.8415,0.881,0.1827,0.6933,0.8982,0.7483,0.3406,0.2444,4.7665,3.9046,1.9941,1.0101,1.6411,1.28,2.4799,1.4304
2.0498,0.5949,0.6355,0.1949,0.258,NA,0.2596,0.3845,0,0.1649,0.01026,0.9822,0,0.2841,0,0.1145,3.7749,3.29,1.4015,0.09018,1.1179,0.4967,1.1671,0.7451
3.4983,0.394,0.4455,0.4868,0.3731,3.2084,0,0.3257,0.4652,0.1259,0.3219,0.4013,0.2306,0.164,0.04508,0.1927,6.3818,3.9949,1.2236,0.1094,0.01591,0.5697,3.3175,1.3101
